,Structure name,P,S,X,I,T_x,L,level_0,index,PDB,MUTATION_PDB,Chain,T_y,ln(kf)_H2O,ln(ku)_H2O,K_diff,Energy. kcal/mol,log(Energy, kcal/mol),Folding Type,Fragment start,Fragment end,CO,"Length, aa","CO, %",log(P),log(S),log(X),P_normalized,S_normalized,X_normalized,weights
0,1a23_chain_A_frag_0_frame_1,7200,10409,1697,0.373,0.539,0.088,5,6,1a23,WT,A,303,,,,11.64,2.454447442,Multi,,,,20.710346087115333,189,10.957855072547796,8.881836305004146,9.250426095515468,7.436617265234227,1.5576356088549737,1.062897470105079,0.7658920104829363,0.3333333333333333
1,1a23_chain_A_frag_0_frame_1,7200,10409,1697,0.373,0.539,0.088,6,7,1a23,WT,A,303,,,,15.76,2.757475084,Multi,,,,20.710346087115333,189,10.957855072547796,8.881836305004146,9.250426095515468,7.436617265234227,1.5576356088549737,1.062897470105079,0.7658920104829363,0.3333333333333333
2,1a23_chain_A_frag_0_frame_1,7200,10409,1697,0.373,0.539,0.088,76,90,1a23,WT,A,303,,,,11.1,2.406945108,Two,,,,20.710346087115333,189,10.957855072547796,8.881836305004146,9.250426095515468,7.436617265234227,1.5576356088549737,1.062897470105079,0.7658920104829363,0.3333333333333333
3,1akk_chain_A_frag_0_frame_1,1270,2522,486,0.297,0.59,0.114,58,69,1akk,WT,A,295,,,,9.48,2.249184316,Multi,,,,10.740022905470884,104,10.326945101414312,7.146772179452637,7.8328075165248645,6.186208623900494,0.8004128340284062,1.276720209298635,0.6128284596686865,1.0
4,1am7_chain_A_frag_0_frame_1,3482,8438,1283,0.264,0.639,0.097,8,9,1am7,WT,A,298,,,,7.1,1.960094784,Two,,,,13.80346520358071,150,9.202310135720474,8.155362120328135,9.040500592684284,7.1569563646156364,1.13926672529428,1.6007184356133526,0.8616872973543651,1.0
5,1aqh_chain_A_frag_0_frame_1,28226,136374,12710,0.159,0.769,0.072,18,20,1aqh,WT,A,293,,,,8.33,2.119863456,Two,,,,27.37771668203727,448,6.111097473669034,10.247998817973953,11.823156390386215,9.4501443641835,1.3027518307187336,1.3781817717586382,1.3000120159150237,1.0
6,1bni_chain_A_frag_0_frame_1,2205,4462,1208,0.28,0.567,0.153,23,25,1bni,WT,A,298,,,,9.5,2.251291799,Unknown,,,,12.2592171142467,108,11.351126957635833,7.6984827878809465,8.403352374992478,7.0967213784947605,1.2989130241681346,2.041521233220132,1.4275064356123002,0.25
7,1bni_chain_A_frag_0_frame_1,2205,4462,1208,0.28,0.567,0.153,64,75,1bni,WT,A,298,,,,10.2,2.32238772,Unknown,,,,12.2592171142467,108,11.351126957635833,7.6984827878809465,8.403352374992478,7.0967213784947605,1.2989130241681346,2.041521233220132,1.4275064356123002,0.25
8,1bni_chain_A_frag_0_frame_1,2205,4462,1208,0.28,0.567,0.153,68,79,1bni,WT,A,298,,,,10.0,2.302585093,Two,,,,12.2592171142467,108,11.351126957635833,7.6984827878809465,8.403352374992478,7.0967213784947605,1.2989130241681346,2.041521233220132,1.4275064356123002,0.25
9,1bni_chain_A_frag_0_frame_1,2205,4462,1208,0.28,0.567,0.153,70,81,1bni,WT,A,298,,,,8.52,2.142416341,Two,,,,12.2592171142467,108,11.351126957635833,7.6984827878809465,8.403352374992478,7.0967213784947605,1.2989130241681346,2.041521233220132,1.4275064356123002,0.25
10,1bta_chain_A_frag_0_frame_1,1575,3127,1293,0.263,0.522,0.216,77,91,1bta,WT,A,298,,,,5.62,1.726331664,Two,,,,10.880832671782658,89,12.225654687396245,7.362010551259734,8.047829357457841,7.164720378771857,1.3118145580295562,2.4030492044250145,2.1313153532033406,1.0
11,1btl_chain_A_frag_0_frame_1,10526,24368,2781,0.279,0.647,0.074,54,63,1btl,WT,A,295,,,,7.5,2.014903021,Two,,,,25.259116465863453,263,9.604226793103974,9.261603665913725,10.101026075134943,7.930565854233965,1.2604992043691807,1.0264516095071847,0.711012279839452,1.0
12,1cok_chain_A_frag_0_frame_1,266,658,204,0.236,0.583,0.181,17,19,1cok,WT,A,298,,,,5.7,1.740466175,Two,,,,5.553233830845771,68,8.166520339479076,5.583496308781699,6.489204931325317,5.318119993844216,0.35866639105745823,1.040164452098995,0.5342134738981116,0.05555555555555555
13,1cok_chain_A_frag_0_frame_10,272,747,206,0.222,0.61,0.168,17,19,1cok,WT,A,298,,,,5.7,1.740466175,Two,,,,5.486814855722767,68,8.068845376062892,5.605802066295998,6.616065185132817,5.327876168789581,0.36675661040461893,1.1808553886291022,0.5394508608971127,0.05555555555555555
14,1cok_chain_A_frag_0_frame_11,245,636,200,0.227,0.588,0.185,17,19,1cok,WT,A,298,,,,5.7,1.740466175,Two,,,,5.4204687283317154,68,7.971277541664287,5.501258210544727,6.455198563340122,5.298317366548036,0.33035062334239573,1.0053869172263843,0.5237386999001094,0.05555555555555555
15,1cok_chain_A_frag_0_frame_12,227,582,181,0.229,0.588,0.183,17,19,1cok,WT,A,298,,,,5.7,1.740466175,Two,,,,5.601125909652616,68,8.2369498671362,5.424950017481403,6.366470447731438,5.198497031265826,0.3060799653009136,0.9200238770845215,0.473983523409599,0.05555555555555555
16,1cok_chain_A_frag_0_frame_13,324,782,220,0.244,0.59,0.166,17,19,1cok,WT,A,298,,,,5.7,1.740466175,Two,,,,5.904813855175235,68,8.683549787022404,5.780743515792329,6.661854740545311,5.393627546352362,0.43687184474667845,1.2361832850173466,0.5761125698901203,0.05555555555555555
17,1cok_chain_A_frag_0_frame_14,237,533,176,0.251,0.563,0.186,17,19,1cok,WT,A,298,,,,5.7,1.740466175,Two,,,,5.663134411600669,68,8.328138840589219,5.4680601411351315,6.278521424165844,5.170483995038151,0.3195636642128481,0.8425648221409793,0.46089005591209625,0.05555555555555555
18,1cok_chain_A_frag_0_frame_15,285,725,215,0.233,0.592,0.176,17,19,1cok,WT,A,298,,,,5.7,1.740466175,Two,,,,5.7424921864383744,68,8.444841450644669,5.652489180268651,6.586171654854675,5.3706380281276624,0.3842854189901338,1.1460778537564915,0.5630191023926175,0.05555555555555555
19,1cok_chain_A_frag_0_frame_16,313,762,251,0.236,0.575,0.189,17,19,1cok,WT,A,298,,,,5.7,1.740466175,Two,,,,5.534798534798535,68,8.139409609997845,5.746203190540153,6.635946555686647,5.5254529391317835,0.42203977594355047,1.204567344224064,0.6572920683746373,0.05555555555555555
20,1cok_chain_A_frag_0_frame_17,371,894,275,0.241,0.581,0.179,17,19,1cok,WT,A,298,,,,5.7,1.740466175,Two,,,,5.427132210874966,68,7.981076780698479,5.916202062607435,6.795705775173514,5.616771097666572,0.5002452296327706,1.4132325534597288,0.7201407123626504,0.05555555555555555
21,1cok_chain_A_frag_0_frame_18,305,732,238,0.239,0.574,0.187,17,19,1cok,WT,A,298,,,,5.7,1.740466175,Two,,,,5.750989220903261,68,8.457337089563618,5.720311776607412,6.595780513961311,5.472270673671475,0.41125281681400283,1.1571434330341404,0.6232490528811302,0.05555555555555555
22,1cok_chain_A_frag_0_frame_2,259,803,213,0.203,0.63,0.167,17,19,1cok,WT,A,298,,,,5.7,1.740466175,Two,,,,5.612885386423337,68,8.254243215328437,5.556828061699537,6.688354713946762,5.3612921657094255,0.34922780181910407,1.2693800228502934,0.5577817153936165,0.05555555555555555
23,1cok_chain_A_frag_0_frame_3,285,618,225,0.253,0.548,0.199,17,19,1cok,WT,A,298,,,,5.7,1.740466175,Two,,,,5.433287482806052,68,7.99012865118537,5.652489180268651,6.42648845745769,5.41610040220442,0.3842854189901338,0.97693257051243,0.5892060373876231,0.05555555555555555
24,1cok_chain_A_frag_0_frame_4,360,811,260,0.252,0.567,0.182,17,19,1cok,WT,A,298,,,,5.7,1.740466175,Two,,,,5.768949152542373,68,8.483748753738784,5.886104031450156,6.698268054115413,5.560681631015528,0.4854131608296427,1.2820263991676064,0.6808603098701422,0.05555555555555555
25,1cok_chain_A_frag_0_frame_5,272,650,206,0.241,0.576,0.183,17,19,1cok,WT,A,298,,,,5.7,1.740466175,Two,,,,5.5992329817833175,68,8.234166149681348,5.605802066295998,6.476972362889683,5.327876168789581,0.36675661040461893,1.027518075781682,0.5394508608971127,0.05555555555555555
26,1cok_chain_A_frag_0_frame_6,238,591,206,0.23,0.571,0.199,17,19,1cok,WT,A,298,,,,5.7,1.740466175,Two,,,,5.5648961382963895,68,8.183670791612338,5.472270673671475,6.3818160174060985,5.327876168789581,0.32091203410404157,0.9342510504414986,0.5394508608971127,0.05555555555555555
27,1cok_chain_A_frag_0_frame_7,294,516,180,0.297,0.521,0.182,17,19,1cok,WT,A,298,,,,5.7,1.740466175,Two,,,,6.149845375316278,68,9.043890257818054,5.683579767338681,6.246106765481563,5.19295685089021,0.3964207480108749,0.8156912724666892,0.4713648299100984,0.05555555555555555
28,1cok_chain_A_frag_0_frame_8,297,755,223,0.233,0.592,0.175,17,19,1cok,WT,A,298,,,,5.7,1.740466175,Two,,,,5.495555859428415,68,8.08169979327708,5.6937321388027,6.626717749249025,5.407171771460119,0.40046585768445525,1.1935017649464152,0.583968650388622,0.05555555555555555
29,1cok_chain_A_frag_0_frame_9,344,807,280,0.24,0.564,0.196,17,19,1cok,WT,A,298,,,,5.7,1.740466175,Two,,,,5.704828867073494,68,8.38945421628455,5.840641657373398,6.693323668269949,5.634789603169249,0.4638392425705475,1.27570321100895,0.7332341798601532,0.05555555555555555
30,1cpm_chain_A_frag_0_frame_1,19366,17018,5521,0.462,0.406,0.132,74,88,1cpm,WT,A,298,,,,9.0,2.197224577,Unknown,,,,34.45819279247293,214,16.101959248819124,9.871274230171476,9.742026886409503,8.616314282284044,3.3542796950433074,1.245660252163962,2.012361764397066,1.0
31,1csp_chain_A_frag_0_frame_1,810,818,388,0.402,0.406,0.192,75,89,1csp,WT,A,298,,,,2.13,0.75612198,Two,,,,10.984574016416643,67,16.39488659166663,6.697034247666484,6.706862336602747,5.961005339623274,1.1215305860840492,1.3454663248001342,1.042276785646654,1.0
32,1cx1_chain_A_frag_0_frame_1,5649,3709,1817,0.506,0.332,0.163,78,92,1cx1,WT,A,298,,,,5.38,1.682688374,Two,,,,26.963733686173093,153,17.62335535043993,8.639233817325263,8.21851757748959,7.504942068396171,1.7839139990055222,0.6672426503303056,1.179466652163848,0.045454545454545456
33,1cx1_chain_A_frag_0_frame_10,5829,3373,1973,0.522,0.302,0.177,78,92,1cx1,WT,A,298,,,,5.38,1.682688374,Two,,,,26.936646341463415,153,17.60565120357086,8.67060073804555,8.12355783506165,7.587310506022615,1.8407567180391555,0.6067968346088219,1.2807307125587626,0.045454545454545456
34,1cx1_chain_A_frag_0_frame_11,6071,3840,2179,0.502,0.318,0.18,78,92,1cx1,WT,A,298,,,,5.38,1.682688374,Two,,,,26.736845284842627,153,17.47506227767492,8.711278615130434,8.253227645581772,7.68662133494462,1.9171785958510401,0.6908093225312412,1.4144512025674323,0.045454545454545456
35,1cx1_chain_A_frag_0_frame_12,6955,4131,2117,0.527,0.313,0.16,78,92,1cx1,WT,A,298,,,,5.38,1.682688374,Two,,,,27.20834821960224,153,17.78323413045898,8.847216104357543,8.326274787396764,7.6577552711348655,2.196339504882883,0.7431597165043118,1.3742052298463765,0.045454545454545456
36,1cx1_chain_A_frag_0_frame_13,6495,3328,1805,0.559,0.286,0.155,78,92,1cx1,WT,A,298,,,,5.38,1.682688374,Two,,,,27.283069264857644,153,17.832071414939637,8.7787879291047,8.1101268019411,7.498315870766981,2.0510747784635983,0.598701412860409,1.1716771090565468,0.045454545454545456
37,1cx1_chain_A_frag_0_frame_14,4825,3347,1558,0.496,0.344,0.16,78,92,1cx1,WT,A,298,,,,5.38,1.682688374,Two,,,,24.81806411837238,153,16.220956940112664,8.481566013773087,8.115819701211327,7.351158226430694,1.5237006629848902,0.60211947982085,1.011342346764598,0.045454545454545456
38,1cx1_chain_A_frag_0_frame_15,5388,3633,1710,0.502,0.339,0.159,78,92,1cx1,WT,A,298,,,,5.38,1.682688374,Two,,,,26.082435080842725,153,17.047343190093283,8.591929537530255,8.197814032221203,7.444248649496705,1.7014920564067542,0.6535703824885415,1.1100098927904127,0.045454545454545456
39,1cx1_chain_A_frag_0_frame_16,7255,4089,2186,0.536,0.302,0.162,78,92,1cx1,WT,A,298,,,,5.38,1.682688374,Two,,,,26.975618631732168,153,17.631123288713834,8.889446165318288,8.316055720364643,7.689828668736484,2.2910773699389386,0.7356039895391263,1.418995102713358,0.045454545454545456
40,1cx1_chain_A_frag_0_frame_17,7035,3551,1975,0.56,0.283,0.157,78,92,1cx1,WT,A,298,,,,5.38,1.682688374,Two,,,,28.266690834390673,153,18.474961329667106,8.858652969548489,8.174984532943087,7.5883236773352225,2.221602935564498,0.6388187250803222,1.282028969743313,0.045454545454545456
41,1cx1_chain_A_frag_0_frame_18,6345,3183,1948,0.553,0.277,0.17,78,92,1cx1,WT,A,298,,,,5.38,1.682688374,Two,,,,27.502487562189053,153,17.97548206679023,8.755422380148488,8.065579427282092,7.5745584842024805,2.0037058459355706,0.5726161650044116,1.2645024977518853,0.045454545454545456
42,1cx1_chain_A_frag_0_frame_19,5888,4113,2402,0.475,0.332,0.194,78,92,1cx1,WT,A,298,,,,5.38,1.682688374,Two,,,,27.551195363438783,153,18.00731723100574,8.680671660408713,8.321907968230423,7.784057002639929,1.8593884981668463,0.7399215478049466,1.5592068786447786,0.045454545454545456
43,1cx1_chain_A_frag_0_frame_2,5592,4474,1869,0.469,0.375,0.157,78,92,1cx1,WT,A,298,,,,5.38,1.682688374,Two,,,,26.170643962105768,153,17.1049960536639,8.629092283913646,8.406038142050075,7.533158807455563,1.7659138046448717,0.8048648200533263,1.213221338962153,0.045454545454545456
44,1cx1_chain_A_frag_0_frame_20,5806,3587,1782,0.52,0.321,0.159,78,92,1cx1,WT,A,298,,,,5.38,1.682688374,Two,,,,25.953068370293014,153,16.96278978450524,8.666647144584575,8.185071477532283,7.485491608030754,1.8334934817181912,0.6452950624790527,1.1567471514342196,0.045454545454545456
45,1cx1_chain_A_frag_0_frame_21,5391,3897,1738,0.489,0.353,0.158,78,92,1cx1,WT,A,298,,,,5.38,1.682688374,Two,,,,26.50279833905037,153,17.32209041767998,8.592486175451668,8.26796230533871,7.460490305825338,1.7024394350573147,0.7010635234125643,1.1281854933741153,0.045454545454545456
46,1cx1_chain_A_frag_0_frame_22,4855,3415,1460,0.499,0.351,0.15,78,92,1cx1,WT,A,298,,,,5.38,1.682688374,Two,,,,26.692369378816853,153,17.44599305805023,8.487764380725425,8.13593277200489,7.286191714702382,1.5331744494904957,0.6143525615740074,0.9477277447216389,0.045454545454545456
47,1cx1_chain_A_frag_0_frame_3,6243,4354,2283,0.485,0.338,0.177,78,92,1cx1,WT,A,298,,,,5.38,1.682688374,Two,,,,26.989333013723257,153,17.640086937074024,8.739216115061744,8.378850241794492,7.733245646529795,1.9714949718165118,0.783277028724225,1.4819605761640422,0.045454545454545456
48,1cx1_chain_A_frag_0_frame_4,5746,3453,1827,0.521,0.313,0.166,78,92,1cx1,WT,A,298,,,,5.38,1.682688374,Two,,,,26.720235901216366,153,17.464206471383246,8.656259239539235,8.146998697389993,7.510430556378006,1.8145459087069802,0.6211886954948895,1.1859579380865988,0.045454545454545456
49,1cx1_chain_A_frag_0_frame_5,5902,3825,1749,0.514,0.333,0.152,78,92,1cx1,WT,A,298,,,,5.38,1.682688374,Two,,,,27.808552110617043,153,18.175524255305255,8.683046555502886,8.249313746260636,7.466799475018602,1.863809598536129,0.6881108486151035,1.1353259078891413,0.045454545454545456
50,1cx1_chain_A_frag_0_frame_6,6871,4296,2036,0.52,0.325,0.154,78,92,1cx1,WT,A,298,,,,5.38,1.682688374,Two,,,,26.737925714963808,153,17.475768441152816,8.835064935031076,8.3654396361887,7.618742377670413,2.1698129026671875,0.7728429295818261,1.3216258138720938,0.045454545454545456
51,1cx1_chain_A_frag_0_frame_7,5316,3892,1670,0.489,0.358,0.154,78,92,1cx1,WT,A,298,,,,5.38,1.682688374,Two,,,,26.646641635377556,153,17.416105644037618,8.578476419833136,8.266678443305896,7.4205789054108005,1.6787549687933008,0.700164032107185,1.084044749099409,0.045454545454545456
52,1cx1_chain_A_frag_0_frame_8,6348,3587,1846,0.539,0.304,0.157,78,92,1cx1,WT,A,298,,,,5.38,1.682688374,Two,,,,27.222021225277377,153,17.79217073547541,8.7558950816463,8.185071477532283,7.520776415062797,2.0046532245861313,0.6452950624790527,1.1982913813398257,0.045454545454545456
53,1cx1_chain_A_frag_0_frame_9,6408,3122,1946,0.558,0.272,0.17,78,92,1cx1,WT,A,298,,,,5.38,1.682688374,Two,,,,26.953899855560906,153,17.616928010170525,8.765302488748196,8.046229101075378,7.57353126274595,2.0236007975973425,0.5616423710787851,1.2632042405673352,0.045454545454545456
54,1div_chain_A_frag_149_frame_1,1741,6883,829,0.184,0.728,0.088,33,38,1div,WT,A,295,,,,5.77,1.752672081,Multi,58.0,149.0,,10.422265440829797,149,6.9948090206911395,7.462214939768189,8.836809882398365,6.720220155135295,0.5764947420709464,1.329347644016676,0.563214917143169,1.0
55,1edh_chain_A_frag_212_frame_1,7379,20990,3762,0.23,0.653,0.117,25,27,1edh,WT,A,298,,,,6.6,1.887069649,Two,107.0,212.0,,18.45065967453282,211,8.744388471342567,8.906393407058367,9.951801412814678,8.232706009860976,1.3107863656814756,1.5956419971709361,1.4049244418385272,0.1
56,1edh_chain_A_frag_212_frame_1,7379,20990,3762,0.23,0.653,0.117,27,32,1edh,WT,A,298,,,,6.7,1.902107526,Unknown,100.0,219.0,,18.45065967453282,211,8.744388471342567,8.906393407058367,9.951801412814678,8.232706009860976,1.3107863656814756,1.5956419971709361,1.4049244418385272,0.1
57,1edh_chain_A_frag_212_frame_1,7379,20990,3762,0.23,0.653,0.117,28,33,1edh,WT,A,298,,,,6.1,1.808288771,Unknown,100.0,212.0,,18.45065967453282,211,8.744388471342567,8.906393407058367,9.951801412814678,8.232706009860976,1.3107863656814756,1.5956419971709361,1.4049244418385272,0.1
58,1edh_chain_A_frag_212_frame_1,7379,20990,3762,0.23,0.653,0.117,29,34,1edh,WT,A,298,,,,6.0,1.791759469,Unknown,107.0,219.0,,18.45065967453282,211,8.744388471342567,8.906393407058367,9.951801412814678,8.232706009860976,1.3107863656814756,1.5956419971709361,1.4049244418385272,0.1
59,1edh_chain_A_frag_212_frame_1,7379,20990,3762,0.23,0.653,0.117,30,35,1edh,WT,A,298,,,,4.9,1.589235205,Unknown,107.0,212.0,,18.45065967453282,211,8.744388471342567,8.906393407058367,9.951801412814678,8.232706009860976,1.3107863656814756,1.5956419971709361,1.4049244418385272,0.1
60,1edh_chain_A_frag_219_frame_1,7379,20990,3762,0.23,0.653,0.117,25,27,1edh,WT,A,298,,,,6.6,1.887069649,Two,107.0,212.0,,18.45065967453282,211,8.744388471342567,8.906393407058367,9.951801412814678,8.232706009860976,1.3107863656814756,1.5956419971709361,1.4049244418385272,0.1
61,1edh_chain_A_frag_219_frame_1,7379,20990,3762,0.23,0.653,0.117,27,32,1edh,WT,A,298,,,,6.7,1.902107526,Unknown,100.0,219.0,,18.45065967453282,211,8.744388471342567,8.906393407058367,9.951801412814678,8.232706009860976,1.3107863656814756,1.5956419971709361,1.4049244418385272,0.1
62,1edh_chain_A_frag_219_frame_1,7379,20990,3762,0.23,0.653,0.117,28,33,1edh,WT,A,298,,,,6.1,1.808288771,Unknown,100.0,212.0,,18.45065967453282,211,8.744388471342567,8.906393407058367,9.951801412814678,8.232706009860976,1.3107863656814756,1.5956419971709361,1.4049244418385272,0.1
63,1edh_chain_A_frag_219_frame_1,7379,20990,3762,0.23,0.653,0.117,29,34,1edh,WT,A,298,,,,6.0,1.791759469,Unknown,107.0,219.0,,18.45065967453282,211,8.744388471342567,8.906393407058367,9.951801412814678,8.232706009860976,1.3107863656814756,1.5956419971709361,1.4049244418385272,0.1
64,1edh_chain_A_frag_219_frame_1,7379,20990,3762,0.23,0.653,0.117,30,35,1edh,WT,A,298,,,,4.9,1.589235205,Unknown,107.0,212.0,,18.45065967453282,211,8.744388471342567,8.906393407058367,9.951801412814678,8.232706009860976,1.3107863656814756,1.5956419971709361,1.4049244418385272,0.1
65,1fnf_chain_A_frag_0_frame_1,10439,87321,6436,0.1,0.838,0.062,50,59,1fnf,WT,A,295,,,,9.38,2.238579763,Two,,,,16.949108358133206,368,4.605735966884024,9.253304071408298,11.377346262728402,8.769662508112274,0.6851588979661258,1.4950184301902272,0.9233317876166245,1.0
66,1ftg_chain_A_frag_0_frame_1,4216,14061,4301,0.187,0.623,0.19,73,87,1ftg,WT,A,298,,,,3.73,1.316003187,Two,,,,16.169114186199756,168,9.624472729880807,8.346642090221199,9.551160286590816,8.366602832783736,1.1261519363621666,1.968735321873148,2.377045407881251,1.0
67,1ftt_chain_A_frag_0_frame_1,249,1102,189,0.162,0.716,0.123,67,78,1ftt,WT,A,295,,,,1.44,0.364643114,Two,,,,5.137969783993008,68,7.555837917636776,5.517452896464707,7.004881989712859,5.241747015059643,0.33574410290716955,1.7420383377098672,0.4949330714056034,0.05
68,1ftt_chain_A_frag_0_frame_10,568,1459,319,0.242,0.622,0.136,67,78,1ftt,WT,A,295,,,,1.44,0.364643114,Two,,,,6.406927455492309,68,9.421952140429866,6.342121418721152,7.285506548522785,5.765191102784844,0.7658740981978808,2.3063828808699602,0.8353632263406745,0.05
69,1ftt_chain_A_frag_0_frame_11,752,1495,309,0.294,0.585,0.121,67,78,1ftt,WT,A,295,,,,1.44,0.364643114,Two,,,,6.724382049436045,68,9.888797131523596,6.62273632394984,7.3098814858247865,5.733341276897746,1.013974158177476,2.3632915742978686,0.809176291345669,0.05
70,1ftt_chain_A_frag_0_frame_12,538,1661,357,0.21,0.65,0.14,67,78,1ftt,WT,A,295,,,,1.44,0.364643114,Two,,,,5.628077016816963,68,8.27658384826024,6.2878585601617845,7.415175109613295,5.877735781779639,0.7254230014620772,2.6257038828821138,0.9348735793216952,0.05
71,1ftt_chain_A_frag_0_frame_13,434,957,262,0.263,0.579,0.158,67,78,1ftt,WT,A,295,,,,1.44,0.364643114,Two,,,,5.531864981102568,68,8.135095560444952,6.073044534100405,6.863803391452954,5.568344503761097,0.5851925327779581,1.5128227669585688,0.6860976968691433,0.05
72,1ftt_chain_A_frag_0_frame_14,379,1166,225,0.214,0.659,0.127,67,78,1ftt,WT,A,295,,,,1.44,0.364643114,Two,,,,5.507827175954915,68,8.099745846992523,5.937536205082426,7.061334366910438,5.41610040220442,0.5110321887623183,1.8432093482483711,0.5892060373876231,0.05
73,1ftt_chain_A_frag_0_frame_15,343,1092,218,0.208,0.661,0.132,67,78,1ftt,WT,A,295,,,,1.44,0.364643114,Two,,,,5.507596859964548,68,8.099407147006687,5.8377304471659395,6.9957661563048505,5.384495062789089,0.462490872679354,1.7262303673132258,0.5708751828911193,0.05
74,1ftt_chain_A_frag_0_frame_16,536,1383,359,0.235,0.607,0.158,67,78,1ftt,WT,A,295,,,,1.44,0.364643114,Two,,,,5.655584609637654,68,8.31703619064361,6.284134161070802,7.232010331664759,5.883322388488279,0.7227262616796902,2.1862423058554867,0.9401109663206964,0.05
75,1ftt_chain_A_frag_0_frame_17,475,1363,307,0.221,0.635,0.143,67,78,1ftt,WT,A,295,,,,1.44,0.364643114,Two,,,,5.665575360737238,68,8.33172847167241,6.163314804034641,7.217443431696533,5.726847747587197,0.6404756983168897,2.154626365062204,0.8039389043466679,0.05
76,1ftt_chain_A_frag_0_frame_18,520,1441,250,0.235,0.652,0.113,67,78,1ftt,WT,A,295,,,,1.44,0.364643114,Two,,,,5.972798082684242,68,8.783526592182708,6.253828811575473,7.273092595999522,5.521460917862246,0.7011523434205951,2.277928534156006,0.6546733748751368,0.05
77,1ftt_chain_A_frag_0_frame_19,356,1026,214,0.223,0.643,0.134,67,78,1ftt,WT,A,295,,,,1.44,0.364643114,Two,,,,5.569745100550787,68,8.19080161845704,5.87493073085203,6.933423025730715,5.365976015021851,0.4800196812648689,1.6218977626953934,0.560400408893117,0.05
78,1ftt_chain_A_frag_0_frame_2,411,1337,268,0.204,0.663,0.133,67,78,1ftt,WT,A,295,,,,1.44,0.364643114,Two,,,,5.297904569553143,68,7.791036131695798,6.018593214496234,7.198183577101943,5.5909869805108565,0.5541800252805088,2.1135256420309365,0.7018098578661466,0.05
79,1ftt_chain_A_frag_0_frame_20,340,800,238,0.247,0.581,0.173,67,78,1ftt,WT,A,295,,,,1.44,0.364643114,Two,,,,5.1812264028121335,68,7.619450592370784,5.8289456176102075,6.684611727667927,5.472270673671475,0.45844576300577367,1.264637631731301,0.6232490528811302,0.05
80,1ftt_chain_A_frag_0_frame_3,354,787,237,0.257,0.571,0.172,67,78,1ftt,WT,A,295,,,,1.44,0.364643114,Two,,,,5.544701155198393,68,8.15397228705646,5.869296913133774,6.668228248417403,5.4680601411351315,0.477322941482482,1.2440872702156673,0.6206303593816296,0.05
81,1ftt_chain_A_frag_0_frame_4,414,1579,285,0.182,0.693,0.125,67,78,1ftt,WT,A,295,,,,1.44,0.364643114,Two,,,,5.2584840227892,68,7.733064739395883,6.025865973825314,7.364547014255642,5.652489180268651,0.5582251349540891,2.496078525629655,0.7463276473576559,0.05
82,1ftt_chain_A_frag_0_frame_5,596,1273,276,0.278,0.593,0.129,67,78,1ftt,WT,A,295,,,,1.44,0.364643114,Two,,,,6.034023668639053,68,8.873564218586843,6.39024066706535,7.149131598557407,5.62040086571715,0.8036284551512973,2.0123546314924328,0.7227594058621509,0.05
83,1ftt_chain_A_frag_0_frame_6,353,1394,269,0.175,0.691,0.133,67,78,1ftt,WT,A,295,,,,1.44,0.364643114,Two,,,,5.565289256198347,68,8.184248906174039,5.8664680569332965,7.2399325913204695,5.594711379601839,0.47597457159128853,2.203631073291792,0.7044285513656471,0.05
84,1ftt_chain_A_frag_0_frame_7,550,1051,352,0.282,0.538,0.18,67,78,1ftt,WT,A,295,,,,1.44,0.364643114,Two,,,,5.811378002528445,68,8.54614412136536,6.309918278226516,6.957497370876951,5.863631175598097,0.7416034401563986,1.6614176886869967,0.9217801118241925,0.05
85,1ftt_chain_A_frag_0_frame_8,670,1362,383,0.277,0.564,0.159,67,78,1ftt,WT,A,295,,,,1.44,0.364643114,Two,,,,6.417804082618674,68,9.43794718032158,6.507277712385012,7.216709486709457,5.948034989180646,0.9034078270996129,2.1530455680225398,1.0029596103087095,0.05
86,1ftt_chain_A_frag_0_frame_9,311,1126,216,0.188,0.681,0.131,67,78,1ftt,WT,A,295,,,,1.44,0.364643114,Two,,,,5.295232198142415,68,7.787106173738845,5.739792912179234,7.026426808699636,5.375278407684165,0.4193430361611636,1.779977466661806,0.5656377958921182,0.05
87,1g6n_chain_A_frag_0_frame_1,4446,14629,2661,0.205,0.673,0.122,79,93,1g6n,WT,A,293,,,,7.32,1.990610328,Two,,,,15.043155966429515,200,7.521577983214757,8.399760094524142,9.590761138978086,7.886457270977689,0.8692121055461952,1.283672541614393,1.0896155237600724,1.0
88,1grx_chain_A_frag_0_frame_1,968,1842,593,0.284,0.541,0.174,45,52,1grx,WT,A,303,,,,5.0,1.609437912,Unknown,,,,10.297357049542759,85,12.114537705344421,6.875232087276577,7.518607216815252,6.385194398997726,0.8754180163654319,1.6012048796682108,1.0579231998219583,0.05
89,1grx_chain_A_frag_0_frame_10,1102,2165,738,0.275,0.541,0.184,45,52,1grx,WT,A,303,,,,5.0,1.609437912,Unknown,,,,10.368938656280429,85,12.198751360329917,7.004881989712859,7.68017564043659,6.6039438246004725,0.9966019153251094,1.8819807624764802,1.3166059383956243,0.05
90,1grx_chain_A_frag_0_frame_11,1097,2274,724,0.268,0.555,0.177,45,52,1grx,WT,A,303,,,,5.0,1.609437912,Unknown,,,,10.089247854618879,85,11.869703358375151,7.00033446027523,7.729295674310482,6.584791392385716,0.9920801280504946,1.976731756984534,1.2916296739816153,0.05
91,1grx_chain_A_frag_0_frame_12,1165,2636,759,0.255,0.578,0.166,45,52,1grx,WT,A,303,,,,5.0,1.609437912,Unknown,,,,11.006938421509107,85,12.949339319422478,7.060476365999801,7.877017895622398,6.63200177739563,1.0535764349852563,2.2914093717727493,1.354070335016638,0.05
92,1grx_chain_A_frag_0_frame_13,929,2276,623,0.243,0.595,0.163,45,52,1grx,WT,A,303,,,,5.0,1.609437912,Unknown,,,,9.968802781917535,85,11.728003272844159,6.834108738813838,7.730174795246222,6.434546518787453,0.8401480756234362,1.9784703073424799,1.1114437664234065,0.05
93,1grx_chain_A_frag_0_frame_14,1247,2186,662,0.305,0.534,0.162,45,52,1grx,WT,A,303,,,,5.0,1.609437912,Unknown,,,,10.548576547879753,85,12.410090056329121,7.1284959456800365,7.689828668736484,6.495265555937008,1.1277337462889396,1.9002355412349126,1.1810205030052892,0.05
94,1grx_chain_A_frag_0_frame_15,1085,2099,644,0.283,0.548,0.168,45,52,1grx,WT,A,303,,,,5.0,1.609437912,Unknown,,,,10.38839241873711,85,12.221638139690718,6.98933526597456,7.649216319820633,6.467698726104354,0.981227838591419,1.8246086006642641,1.1489081630444202,0.05
95,1grx_chain_A_frag_0_frame_16,1079,2197,640,0.276,0.561,0.163,45,52,1grx,WT,A,303,,,,5.0,1.609437912,Unknown,,,,10.135443798837908,85,11.924051528044597,6.983789965258135,7.69484807238461,6.461468176353717,0.9758016938618812,1.9097975682036152,1.1417720874975605,0.05
96,1grx_chain_A_frag_0_frame_17,1182,2318,871,0.27,0.53,0.199,45,52,1grx,WT,A,303,,,,5.0,1.609437912,Unknown,,,,10.23192118226601,85,12.037554332077658,7.074963197966044,7.748460023899697,6.769641976852503,1.0689505117189468,2.0149798648593444,1.5538804503287111,0.05
97,1grx_chain_A_frag_0_frame_18,1321,2176,781,0.309,0.509,0.183,45,52,1grx,WT,A,303,,,,5.0,1.609437912,Unknown,,,,11.048699067255768,85,12.99846949088914,7.186144304522325,7.685243607975833,6.660575149839686,1.194656197953239,1.8915427894451828,1.3933187505243667,0.05
98,1grx_chain_A_frag_0_frame_19,1119,2150,736,0.279,0.537,0.184,45,52,1grx,WT,A,303,,,,5.0,1.609437912,Unknown,,,,10.70374449339207,85,12.592640580461259,7.020190708311925,7.673223121121708,6.601230118728877,1.0119759920587998,1.8689416347918857,1.3130379006221946,0.05
99,1grx_chain_A_frag_0_frame_2,1187,2183,725,0.29,0.533,0.177,45,52,1grx,WT,A,303,,,,5.0,1.609437912,Unknown,,,,10.558265040975416,85,12.421488283500489,7.079184394609668,7.688455356549944,6.586171654854675,1.0734722989935617,1.8976277156979937,1.2934136928683302,0.05
100,1grx_chain_A_frag_0_frame_20,955,2013,602,0.268,0.564,0.169,45,52,1grx,WT,A,303,,,,5.0,1.609437912,Unknown,,,,10.412300460287925,85,12.249765247397558,6.86171134048073,7.607381425639791,6.400257445308821,0.8636613694514333,1.7498509352725888,1.0739793698023927,0.05
101,1grx_chain_A_frag_0_frame_3,812,1747,601,0.257,0.553,0.19,45,52,1grx,WT,A,303,,,,5.0,1.609437912,Unknown,,,,10.606310822766146,85,12.478012732666054,6.699500340161678,7.465655310134056,6.398594934535208,0.7343382533974491,1.5186237376657787,1.0721953509156779,0.05
102,1grx_chain_A_frag_0_frame_4,1247,1961,708,0.318,0.501,0.181,45,52,1grx,WT,A,303,,,,5.0,1.609437912,Unknown,,,,10.95217476874631,85,12.884911492642717,7.1284959456800365,7.581209826196346,6.56244409369372,1.1277337462889396,1.7046486259659943,1.2630853717941763,0.05
103,1grx_chain_A_frag_0_frame_5,1085,2105,638,0.283,0.55,0.167,45,52,1grx,WT,A,303,,,,5.0,1.609437912,Unknown,,,,10.716503679806433,85,12.607651388007568,6.98933526597456,7.652070746116482,6.45833828334479,0.981227838591419,1.829824251738102,1.1382040497241306,0.05
104,1grx_chain_A_frag_0_frame_6,1404,2703,843,0.284,0.546,0.17,45,52,1grx,WT,A,303,,,,5.0,1.609437912,Unknown,,,,11.254928752683973,85,13.24109265021644,7.247080584585756,7.902117546276448,6.736966958001855,1.2697178667118454,2.349650808763938,1.5039279215006929,0.05
105,1grx_chain_A_frag_0_frame_7,1377,2747,826,0.278,0.555,0.167,45,52,1grx,WT,A,303,,,,5.0,1.609437912,Unknown,,,,10.713029734268497,85,12.603564393257056,7.227662498728654,7.918264686095274,6.716594773520978,1.2453002154289252,2.3878989166387488,1.473599600426539,0.05
106,1grx_chain_A_frag_0_frame_8,1370,2457,733,0.3,0.539,0.161,45,52,1grx,WT,A,303,,,,5.0,1.609437912,Unknown,,,,10.738255033557047,85,12.633241215949468,7.222566018822171,7.806696372521179,6.597145701886651,1.2389697132444646,2.1358091147365874,1.3076858439620498,0.05
107,1grx_chain_A_frag_0_frame_9,1088,2133,695,0.278,0.545,0.177,45,52,1grx,WT,A,303,,,,5.0,1.609437912,Unknown,,,,10.687864125604818,85,12.5739577948292,6.992096427415888,7.665284718471351,6.543911845564792,0.9839409109561879,1.854163956749345,1.239893126266882,0.05
108,1gwy_chain_A_frag_0_frame_1,9154,16956,5015,0.294,0.545,0.161,56,65,1gwy,WT,A,295,,,,9.1,2.208274414,Unknown,,,,21.469949840401277,175,12.268542765943586,9.121946221213587,9.738377032472528,8.520188700396035,2.272860603793156,2.1280480871626377,2.583720277331983,1.0
109,1hcd_chain_A_frag_0_frame_1,1874,4088,479,0.291,0.635,0.074,14,16,1hcd,WT,A,293,,,,6.25,1.832581464,Two,,,,12.846130030959753,118,10.886550873694706,7.535830462798367,8.31581113188354,6.171700597410915,0.9421082208569006,1.475255041790343,0.48606960087260837,1.0
110,1hfz_chain_A_frag_0_frame_1,3081,5409,1101,0.321,0.564,0.115,37,42,1hfz,WT,A,298,,,,3.3,1.193922468,Unknown,,,,12.679803921568627,123,10.308783676072055,8.033009498596668,8.595819511871428,7.00397413672268,1.4380088168490035,1.7465108290776403,1.0402806666140465,0.3333333333333333
111,1hfz_chain_A_frag_0_frame_1,3081,5409,1101,0.321,0.564,0.115,39,44,1hfz,WT,A,298,,,,3.42,1.229640551,Two,,,,12.679803921568627,123,10.308783676072055,8.033009498596668,8.595819511871428,7.00397413672268,1.4380088168490035,1.7465108290776403,1.0402806666140465,0.3333333333333333
112,1hfz_chain_A_frag_0_frame_1,3081,5409,1101,0.321,0.564,0.115,72,86,1hfz,WT,A,298,,,,5.02,1.613429934,Two,,,,12.679803921568627,123,10.308783676072055,8.033009498596668,8.595819511871428,7.00397413672268,1.4380088168490035,1.7465108290776403,1.0402806666140465,0.3333333333333333
113,1hme_chain_A_frag_0_frame_1,600,811,129,0.39,0.527,0.084,19,21,1hme,WT,A,293,,,,2.7,0.993251773,Unknown,,,,6.9061601150527325,77,8.969039110458093,6.396929655216146,6.698268054115413,4.859812404361672,0.6476387894254464,0.918809994698438,0.2727882520644337,1.0
114,1kfw_chain_A_frag_0_frame_1,45424,135654,17687,0.229,0.682,0.089,20,22,1kfw,WT,A,289,,,,16.68,2.814210397,Unknown,,,,35.94689917632975,435,8.26365498306431,10.723795878712753,11.81786280530437,9.780585185434793,2.2099864210545266,1.4834789751790642,1.903060757394066,1.0
115,1onc_chain_A_frag_0_frame_1,2023,2513,1569,0.331,0.412,0.257,9,11,1onc,WT,A,298,,,,13.7,2.617395833,Two,,,,14.745306785859407,103,14.315831830931463,7.612336837167746,7.829232537543592,7.358193752733032,1.297230797078216,1.3055356225529404,2.011605975806621,1.0
116,1pga_chain_A_frag_0_frame_1,865,914,567,0.369,0.39,0.242,32,37,1pga,WT,A,298,,,,5.9,1.774952351,Two,,,,9.694496560350219,56,17.31160100062539,6.762729506931879,6.81783057145415,6.340359303727752,1.6510473904979681,2.4310969773622046,2.073479053537478,0.5
117,1pga_chain_A_frag_0_frame_1,865,914,567,0.369,0.39,0.242,66,77,1pga,WT,A,298,,,,5.9,1.774952351,Unknown,,,,9.694496560350219,56,17.31160100062539,6.762729506931879,6.81783057145415,6.340359303727752,1.6510473904979681,2.4310969773622046,2.073479053537478,0.5
118,1ril_chain_A_frag_0_frame_1,4192,6580,2108,0.325,0.511,0.164,0,1,1ril,WT,A,293,,,,13.3,2.587764035,Two,,,,17.30641501079316,147,11.773071435913714,8.340933226000878,8.791790024319363,7.653494909661253,1.422077433440125,1.3176966338088223,1.465833999476996,1.0
119,1rn1_chain_A_frag_0_frame_1,2223,3244,1203,0.333,0.486,0.18,69,80,1rn1,WT,A,298,,,,7.82,2.056684555,Two,,,,12.955041801740318,103,12.577710487126522,7.706612913964197,8.084562415235304,7.0925737159746784,1.4254790221971696,1.6852994665983838,1.5423594575496273,1.0
120,1rro_chain_A_frag_0_frame_1,1323,3197,733,0.252,0.609,0.14,63,74,1rro,WT,A,303,,,,0.7,-0.356674944,Unknown,,,,10.161010999297917,108,9.40834351786844,7.187657164114956,8.069968149059841,6.597145701886651,0.7793478145008808,1.4627394402968987,0.8661938884965364,0.5
121,1rro_chain_A_frag_0_frame_1,1323,3197,733,0.252,0.609,0.14,83,97,1rro,WT,A,298,,,,4.7,1.547562509,Two,,,,10.161010999297917,108,9.40834351786844,7.187657164114956,8.069968149059841,6.597145701886651,0.7793478145008808,1.4627394402968987,0.8661938884965364,0.5
122,1rtb_chain_A_frag_0_frame_1,3450,6746,2207,0.278,0.544,0.178,21,23,1rtb,WT,A,298,,,,9.3,2.2300144,Unknown,,,,15.063876795113393,124,12.148287737994671,8.146129510025405,8.816705015621595,7.699389406256737,1.5870634085435071,2.131455257714871,2.056444696799282,0.25
123,1rtb_chain_A_frag_0_frame_1,3450,6746,2207,0.278,0.544,0.178,36,41,1rtb,WT,A,298,,,,8.2,2.104134154,Unknown,,,,15.063876795113393,124,12.148287737994671,8.146129510025405,8.816705015621595,7.699389406256737,1.5870634085435071,2.131455257714871,2.056444696799282,0.25
124,1rtb_chain_A_frag_0_frame_1,3450,6746,2207,0.278,0.544,0.178,41,46,1rtb,WT,A,298,,,,9.59,2.260720889,Two,,,,15.063876795113393,124,12.148287737994671,8.146129510025405,8.816705015621595,7.699389406256737,1.5870634085435071,2.131455257714871,2.056444696799282,0.25
125,1rtb_chain_A_frag_0_frame_1,3450,6746,2207,0.278,0.544,0.178,81,95,1rtb,WT,A,298,,,,9.0,2.197224577,Unknown,,,,15.063876795113393,124,12.148287737994671,8.146129510025405,8.816705015621595,7.699389406256737,1.5870634085435071,2.131455257714871,2.056444696799282,0.25
126,1stn_chain_A_frag_0_frame_1,2073,6518,1705,0.201,0.633,0.166,4,5,1stn,WT,A,294,,,,3.2,1.16315081,Two,,,,13.564284392921008,136,9.973738524206624,7.636752112435779,8.782322859397507,7.4413203897176174,0.8082852545909195,1.6077928082151023,1.355306311942769,0.25
127,1stn_chain_A_frag_0_frame_1,2073,6518,1705,0.201,0.633,0.166,24,26,1stn,WT,A,293,,,,6.1,1.808288771,Two,,,,13.564284392921008,136,9.973738524206624,7.636752112435779,8.782322859397507,7.4413203897176174,0.8082852545909195,1.6077928082151023,1.355306311942769,0.25
128,1stn_chain_A_frag_0_frame_1,2073,6518,1705,0.201,0.633,0.166,71,85,1stn,WT,A,298,,,,4.5,1.504077397,Unknown,,,,13.564284392921008,136,9.973738524206624,7.636752112435779,8.782322859397507,7.4413203897176174,0.8082852545909195,1.6077928082151023,1.355306311942769,0.25
129,1stn_chain_A_frag_0_frame_1,2073,6518,1705,0.201,0.633,0.166,80,94,1stn,WT,A,294,,,,3.2,1.16315081,Unknown,,,,13.564284392921008,136,9.973738524206624,7.636752112435779,8.782322859397507,7.4413203897176174,0.8082852545909195,1.6077928082151023,1.355306311942769,0.25
130,1tca_chain_A_frag_0_frame_1,14578,49818,8757,0.199,0.681,0.12,84,98,1tca,WT,A,295,,,,10.55,2.35612586,Unknown,,,,24.507826042622618,317,7.731175407767388,9.587268821942159,10.816131643490086,9.077608659522225,1.2496887681465076,1.2721767831392268,1.6238032963395899,1.0
131,1ten_chain_A_frag_0_frame_1,1636,1431,938,0.408,0.357,0.234,52,61,1ten,WT,A,295,,,,6.68,1.899117988,Two,,,,15.427047656326451,90,17.141164062584945,7.400009517162692,7.266128779556451,6.843749949006225,1.3356393557857575,1.0672587116054548,1.5167210776801903,1.0
132,1tmy_chain_A_frag_0_frame_1,1511,4583,927,0.215,0.653,0.132,15,17,1tmy,WT,A,302,,,,9.54,2.255493485,Two,,,,10.899963436928703,118,9.237257149939579,7.32052696227274,8.430109084509125,6.831953565565855,0.7596187415767218,1.6538879296783613,0.9406816701647348,1.0
133,1v9e_chain_A_frag_0_frame_1,26054,33214,13503,0.358,0.456,0.186,43,48,1v9e,WT,A,298,,,,20.0,2.995732274,Two,,,,35.56269483893315,259,13.730770208082296,10.16792658625751,10.4107267527667,9.510667161961042,3.2067701408425107,1.4577324232988162,3.5444974923788184,1.0
134,1xxn_chain_A_frag_0_frame_1,25341,18093,7287,0.5,0.357,0.144,53,62,1xxn,WT,A,295,,,,5.74,1.747459,Unknown,,,,34.44440518256773,185,18.618597395982555,10.140178916395607,9.803280402119096,8.893847217670283,5.696214763317294,1.9565472978993446,3.4120343655393213,1.0
135,1ymb_chain_A_frag_0_frame_1,2349,6307,797,0.248,0.667,0.084,47,55,1ymb,WT,A,298,,,,5.98,1.787608098,Two,,,,12.368856895431911,153,8.084220193092753,7.761744984658913,8.749415406663651,6.680854678790215,0.7417974833889134,1.1346183326053485,0.5173554880432508,1.0
136,1yrf_chain_A_frag_0_frame_1,91,284,90,0.196,0.611,0.194,59,70,1yrf,WT,A,295,,,,3.39,1.220829921,Unknown,,,,3.7805065234075212,35,10.801447209735775,4.51085950651685,5.648974238161206,4.499809670330265,0.4028650504901638,2.6620486075364918,0.7386615162265109,1.0
137,2a36_chain_A_frag_0_frame_1,913,395,345,0.552,0.239,0.209,13,15,2a36,WT,A,298,,,,1.8,0.587786665,Unknown,,,,11.738105958277051,59,19.895094844537375,6.816735880594968,5.978885764901122,5.84354441703136,1.587251246091525,0.9135108383903774,1.1533301225945938,0.1
138,2a36_chain_A_frag_0_frame_10,862,359,319,0.56,0.233,0.207,13,15,2a36,WT,A,298,,,,1.8,0.587786665,Unknown,,,,11.459001089155127,59,19.422035744330724,6.759255270663693,5.883322388488279,5.765191102784844,1.4985877044149996,0.8302541543851785,1.0664124901671752,0.1
139,2a36_chain_A_frag_0_frame_2,942,371,283,0.59,0.232,0.177,13,15,2a36,WT,A,298,,,,1.8,0.587786665,Unknown,,,,11.264455123236708,59,19.092296819045266,6.848005274576363,5.916202062607435,5.645446897643238,1.6376677697899413,0.8580063823869114,0.9460649991138262,0.1
140,2a36_chain_A_frag_0_frame_3,981,300,315,0.615,0.188,0.197,13,15,2a36,WT,A,298,,,,1.8,0.587786665,Unknown,,,,11.768774703557312,59,19.947075768741207,6.8885724595653635,5.703782474656201,5.752572638825633,1.7054693016602256,0.6938057000433246,1.0530405467168031,0.1
141,2a36_chain_A_frag_0_frame_4,885,309,346,0.575,0.201,0.225,13,15,2a36,WT,A,298,,,,1.8,0.587786665,Unknown,,,,11.607270467609135,59,19.673339775608703,6.785587645007929,5.733341276897746,5.846438775057725,1.5385732232102953,0.7146198710446243,1.1566731084571868,0.1
142,2a36_chain_A_frag_0_frame_5,948,372,333,0.574,0.225,0.201,13,15,2a36,WT,A,298,,,,1.8,0.587786665,Unknown,,,,11.111747407522055,59,18.83347018224077,6.854354502255021,5.918893854273146,5.808142489980444,1.648098774693062,0.8603190680537225,1.1132142922434776,0.1
143,2a36_chain_A_frag_0_frame_6,941,371,284,0.59,0.232,0.178,13,15,2a36,WT,A,298,,,,1.8,0.587786665,Unknown,,,,11.283219438116932,59,19.12410074257107,6.846943139585379,5.916202062607435,5.648974238161206,1.6359292689727547,0.8580063823869114,0.9494079849764193,0.1
144,2a36_chain_A_frag_0_frame_7,1240,484,487,0.561,0.219,0.22,13,15,2a36,WT,A,298,,,,1.8,0.587786665,Unknown,,,,11.741691842900302,59,19.901172615085258,7.122866658599083,6.182084906716632,6.18826412308259,2.1557410133116,1.1193398627365636,1.6280341150828035,0.1
145,2a36_chain_A_frag_0_frame_8,849,329,307,0.572,0.222,0.207,13,15,2a36,WT,A,298,,,,1.8,0.587786665,Unknown,,,,11.605344454742045,59,19.670075347020415,6.744059186311348,5.796057750765372,5.726847747587197,1.4759871937915714,0.760873584380846,1.0262966598160588,0.1
146,2a36_chain_A_frag_0_frame_9,1057,528,431,0.524,0.262,0.214,13,15,2a36,WT,A,298,,,,1.8,0.587786665,Unknown,,,,11.115902140672782,59,18.840512102835223,6.963189985870238,6.269096283706261,6.066108090103747,1.8375953637664204,1.2210980320762512,1.440826906777594,0.1
147,2aky_chain_A_frag_0_frame_1,6601,16272,2327,0.262,0.646,0.092,65,76,2aky,WT,A,298,,,,3.82,1.340250423,Two,,,,19.85952208544533,218,9.109872516259326,8.79497643168877,9.69720111828834,7.752335163302292,1.10604452217813,1.1333851882335368,0.821582564748039,1.0
148,2joo_chain_A_frag_0_frame_1,635,267,274,0.54,0.227,0.233,42,47,2joo,WT,A,298,,,,5.02,1.613429934,Two,,,,9.14713567839196,51,17.935560153709726,6.453624998892692,5.58724865840025,5.6131281063880705,1.4329238460950593,0.912479653705146,1.1768737062379637,0.05
149,2joo_chain_A_frag_0_frame_10,586,253,289,0.52,0.224,0.256,42,47,2joo,WT,A,298,,,,5.02,1.613429934,Two,,,,8.800439912017596,51,17.255764533367838,6.373319789577012,5.53338948872752,5.666426688112432,1.322351769782212,0.8646342786045017,1.2413010989152247,0.05
150,2joo_chain_A_frag_0_frame_11,665,249,262,0.565,0.212,0.223,42,47,2joo,WT,A,298,,,,5.02,1.613429934,Two,,,,9.462724935732648,51,18.554362619083626,6.499787040655854,5.517452896464707,5.568344503761097,1.5006210356743532,0.850964171432889,1.1253317920961552,0.05
151,2joo_chain_A_frag_0_frame_12,633,321,271,0.517,0.262,0.221,42,47,2joo,WT,A,298,,,,5.02,1.613429934,Two,,,,8.46788990825688,51,16.60370570246447,6.450470422144176,5.771441123130016,5.602118820879701,1.4284107001231063,1.0970261005219173,1.1639882277025118,0.05
152,2joo_chain_A_frag_0_frame_13,641,304,330,0.503,0.238,0.259,42,47,2joo,WT,A,298,,,,5.02,1.613429934,Two,,,,9.057924376508447,51,17.760636032369504,6.46302945692067,5.717027701406222,5.799092654460526,1.446463284010918,1.0389281450425634,1.4174026388997374,0.05
153,2joo_chain_A_frag_0_frame_14,579,283,266,0.513,0.251,0.236,42,47,2joo,WT,A,298,,,,5.02,1.613429934,Two,,,,8.71469504707327,51,17.08763734720249,6.361302477572996,5.645446897643238,5.583496308781699,1.306555758880377,0.9671600823915968,1.1425124301434246,0.05
154,2joo_chain_A_frag_0_frame_15,844,383,369,0.529,0.24,0.231,42,47,2joo,WT,A,298,,,,5.02,1.613429934,Two,,,,9.442198233562316,51,18.514114183455522,6.738152494595957,5.948034989180646,5.910796644040527,1.9045476001641417,1.3089127616819136,1.5849138598606154,0.05
155,2joo_chain_A_frag_0_frame_16,507,277,297,0.469,0.256,0.275,42,47,2joo,WT,A,298,,,,5.02,1.613429934,Two,,,,8.468643558405129,51,16.605183447853193,6.2285110035911835,5.6240175061873385,5.6937321388027,1.1440825038900708,0.9466549216341777,1.2756623750097638,0.05
156,2joo_chain_A_frag_0_frame_17,638,323,314,0.5,0.253,0.246,42,47,2joo,WT,A,298,,,,5.02,1.613429934,Two,,,,8.655790533736154,51,16.972138301443437,6.45833828334479,5.777652323222656,5.749392985908253,1.4396935650529885,1.1038611541077235,1.3486800867106592,0.05
157,2joo_chain_A_frag_0_frame_18,608,361,357,0.459,0.272,0.269,42,47,2joo,WT,A,298,,,,5.02,1.613429934,Two,,,,8.557767289144264,51,16.779935861067187,6.410174881966167,5.8888779583328805,5.877735781779639,1.3719963754736946,1.2337271722380438,1.5333719457188069,0.05
158,2joo_chain_A_frag_0_frame_19,479,261,250,0.484,0.264,0.253,42,47,2joo,WT,A,298,,,,5.02,1.613429934,Two,,,,8.432309911395013,51,16.533941002735318,6.171700597410915,5.564520407322694,5.521460917862246,1.0808984602827296,0.891974492947727,1.0737898779543464,0.05
159,2joo_chain_A_frag_0_frame_2,435,240,228,0.482,0.266,0.252,42,47,2joo,WT,A,298,,,,5.02,1.613429934,Two,,,,8.414574898785425,51,16.499166468206717,6.075346031088684,5.480638923341991,5.429345628954441,0.981609248899765,0.8202064302967605,0.9792963686943641,0.05
160,2joo_chain_A_frag_0_frame_20,424,252,185,0.492,0.293,0.215,42,47,2joo,WT,A,298,,,,5.02,1.613429934,Two,,,,8.475789905621665,51,16.619195893375817,6.049733455231958,5.529429087511423,5.220355825078324,0.9567869460540238,0.8612167518115985,0.7946045096862164,0.05
161,2joo_chain_A_frag_0_frame_3,685,385,308,0.497,0.279,0.224,42,47,2joo,WT,A,298,,,,5.02,1.613429934,Two,,,,8.840611793117327,51,17.334532927681035,6.529418838262226,5.953243334287785,5.730099782973574,1.5457524953938828,1.31574781526772,1.322909129639755,0.05
162,2joo_chain_A_frag_0_frame_4,762,402,321,0.513,0.271,0.216,42,47,2joo,WT,A,298,,,,5.02,1.613429934,Two,,,,9.046150785756913,51,17.73755056030767,6.635946555686647,5.996452088619021,5.771441123130016,1.719508615314071,1.373845770747074,1.378746203293381,0.05
163,2joo_chain_A_frag_0_frame_5,650,332,344,0.49,0.25,0.259,42,47,2joo,WT,A,298,,,,5.02,1.613429934,Two,,,,8.744918294141092,51,17.146898615962925,6.476972362889683,5.805134968916488,5.840641657373398,1.4667724408847063,1.134618895243852,1.4775348720651809,0.05
164,2joo_chain_A_frag_0_frame_6,640,289,346,0.502,0.227,0.271,42,47,2joo,WT,A,298,,,,5.02,1.613429934,Two,,,,8.95081316937723,51,17.550614057602413,6.461468176353717,5.666426688112432,5.846438775057725,1.4442067110249415,0.9876652431490158,1.4861251910888156,0.05
165,2joo_chain_A_frag_0_frame_7,442,293,300,0.427,0.283,0.29,42,47,2joo,WT,A,298,,,,5.02,1.613429934,Two,,,,8.711888111888111,51,17.082133552721785,6.091309882077698,5.680172609017068,5.703782474656201,0.9974052598016002,1.0013353503206284,1.288547853545216,0.05
166,2joo_chain_A_frag_0_frame_8,435,273,327,0.42,0.264,0.316,42,47,2joo,WT,A,298,,,,5.02,1.613429934,Two,,,,8.523818936548725,51,16.71337046382103,6.075346031088684,5.60947179518496,5.7899601708972535,0.981609248899765,0.9329848144625651,1.4045171603642852,0.05
167,2joo_chain_A_frag_0_frame_9,550,219,221,0.556,0.221,0.223,42,47,2joo,WT,A,298,,,,5.02,1.613429934,Two,,,,9.045389490901655,51,17.73605782529736,6.309918278226516,5.389071729816501,5.3981627015177525,1.2411151422870592,0.748438367645794,0.9492302521116424,0.05
168,2jor_chain_A_frag_0_frame_1,244,362,174,0.313,0.464,0.223,31,36,2jor,WT,A,298,,,,1.5,0.405465108,Unknown,,,,7.0440145780768155,79,8.916474149464323,5.497168225293202,5.8916442118257715,5.159055299214529,0.2515575364375958,0.3828846590093083,0.35207132220006027,0.05
169,2jor_chain_A_frag_0_frame_10,148,164,123,0.34,0.377,0.283,31,36,2jor,WT,A,298,,,,1.5,0.405465108,Unknown,,,,7.450793650793651,79,9.431384368093228,4.997212273764115,5.099866427824199,4.812184355372417,0.15258407947854175,0.1734615582252115,0.24887800362418053,0.05
170,2jor_chain_A_frag_0_frame_11,328,332,120,0.421,0.426,0.154,31,36,2jor,WT,A,298,,,,1.5,0.405465108,Unknown,,,,7.34299092771437,79,9.294925224954898,5.793013608384144,5.805134968916488,4.787491742782046,0.3381593112767682,0.35115388616323306,0.24280780841383467,0.05
171,2jor_chain_A_frag_0_frame_12,242,315,184,0.327,0.425,0.248,31,36,2jor,WT,A,298,,,,1.5,0.405465108,Unknown,,,,6.894790012988888,79,8.727582294922643,5.488937726156687,5.752572638825633,5.214935757608986,0.24949558941761554,0.33317311488379037,0.3723053062345465,0.05
172,2jor_chain_A_frag_0_frame_13,199,281,115,0.334,0.472,0.193,31,36,2jor,WT,A,298,,,,1.5,0.405465108,Unknown,,,,6.887005649717514,79,8.7177286705285,5.293304824724492,5.638354669333745,4.74493212836325,0.2051637284880392,0.2972115723249051,0.23269081639659156,0.05
173,2jor_chain_A_frag_0_frame_14,198,244,86,0.375,0.462,0.163,31,36,2jor,WT,A,298,,,,1.5,0.405465108,Unknown,,,,6.206443914081145,79,7.8562581190900564,5.288267030694535,5.497168225293202,4.454347296253507,0.20413275497804909,0.2580769524814122,0.17401226269658152,0.05
174,2jor_chain_A_frag_0_frame_15,228,240,127,0.383,0.403,0.213,31,36,2jor,WT,A,298,,,,1.5,0.405465108,Unknown,,,,6.3240054454696715,79,8.005070184138825,5.429345628954441,5.480638923341991,4.844187086458591,0.23506196027775347,0.2538461827686022,0.256971597237975,0.05
175,2jor_chain_A_frag_0_frame_16,184,322,124,0.292,0.511,0.197,31,36,2jor,WT,A,298,,,,1.5,0.405465108,Unknown,,,,7.057261768082664,79,8.933242744408435,5.214935757608986,5.7745515455444085,4.820281565605037,0.18969912583818702,0.34057696188120795,0.2509014020276292,0.05
176,2jor_chain_A_frag_0_frame_17,304,231,285,0.371,0.282,0.348,31,36,2jor,WT,A,298,,,,1.5,0.405465108,Unknown,,,,7.333481481481481,79,9.282887951242381,5.717027701406222,5.442417710521793,5.652489180268651,0.31341594703700465,0.24432695091477963,0.5766685449828574,0.05
177,2jor_chain_A_frag_0_frame_18,307,419,177,0.34,0.464,0.196,31,36,2jor,WT,A,298,,,,1.5,0.405465108,Unknown,,,,6.8272162619988706,79,8.642045901264392,5.726847747587197,6.037870919922137,5.176149732573829,0.3165088675669751,0.44317312741685133,0.3581415174104061,0.05
178,2jor_chain_A_frag_0_frame_19,159,226,80,0.342,0.486,0.172,31,36,2jor,WT,A,298,,,,1.5,0.405465108,Unknown,,,,6.194980694980695,79,7.841747715165437,5.0689042022202315,5.420534999272286,4.382026634673881,0.16392478808843336,0.23903848877376707,0.16187187227588978,0.05
179,2jor_chain_A_frag_0_frame_2,352,393,245,0.356,0.397,0.247,31,36,2jor,WT,A,298,,,,1.5,0.405465108,Unknown,,,,7.373956121726822,79,9.334121673071927,5.863631175598097,5.973809611869261,5.501258210544727,0.3629026755165317,0.4156731242835861,0.49573260884491244,0.05
180,2jor_chain_A_frag_0_frame_20,331,388,184,0.367,0.43,0.204,31,36,2jor,WT,A,298,,,,1.5,0.405465108,Unknown,,,,7.16777856635912,79,9.073137425771037,5.802118375377063,5.961005339623274,5.214935757608986,0.3412522318067386,0.4103846621425736,0.3723053062345465,0.05
181,2jor_chain_A_frag_0_frame_3,174,225,129,0.33,0.426,0.244,31,36,2jor,WT,A,298,,,,1.5,0.405465108,Unknown,,,,7.134141064474254,79,9.030558309461082,5.159055299214529,5.41610040220442,4.859812404361672,0.17938939073828555,0.23798079634556457,0.26101839404487226,0.05
182,2jor_chain_A_frag_0_frame_4,263,295,145,0.374,0.42,0.206,31,36,2jor,WT,A,298,,,,1.5,0.405465108,Unknown,,,,7.728479719871608,79,9.782885721356466,5.572154032177765,5.68697535633982,4.976733742420574,0.2711460331274086,0.3120192663197402,0.2933927685000502,0.05
183,2jor_chain_A_frag_0_frame_5,301,426,219,0.318,0.45,0.232,31,36,2jor,WT,A,298,,,,1.5,0.405465108,Unknown,,,,7.455322787516033,79,9.43711745255194,5.707110264748875,6.054439346269371,5.389071729816501,0.3103230265070342,0.4505769744142689,0.4431242503552483,0.05
184,2jor_chain_A_frag_0_frame_6,218,322,201,0.294,0.435,0.271,31,36,2jor,WT,A,298,,,,1.5,0.405465108,Unknown,,,,7.0296416457749595,79,8.8982805642721,5.384495062789089,5.7745515455444085,5.303304908059076,0.224752225177852,0.34057696188120795,0.40670307909317305,0.05
185,2jor_chain_A_frag_0_frame_7,213,298,84,0.358,0.501,0.141,31,36,2jor,WT,A,298,,,,1.5,0.405465108,Unknown,,,,6.365376056964842,79,8.057438046790939,5.3612921657094255,5.697093486505405,4.430816798843313,0.21959735762790128,0.3151923436043477,0.16996546588968425,0.05
186,2jor_chain_A_frag_0_frame_8,300,271,209,0.385,0.347,0.268,31,36,2jor,WT,A,298,,,,1.5,0.405465108,Unknown,,,,7.104025859535704,79,8.992437796880639,5.703782474656201,5.602118820879701,5.342334251964811,0.30929205299704404,0.28663464804287997,0.42289026632076204,0.05
187,2jor_chain_A_frag_0_frame_9,262,298,181,0.354,0.402,0.244,31,36,2jor,WT,A,298,,,,1.5,0.405465108,Unknown,,,,7.617266787154177,79,9.642109857157187,5.568344503761097,5.697093486505405,5.198497031265826,0.2701150596174185,0.3151923436043477,0.3662351110242006,0.05
188,2ks4_chain_A_frag_0_frame_1,3586,8925,2024,0.247,0.614,0.139,55,64,2ks4,WT,A,295,,,,8.21,2.105352923,Unknown,,,,17.59885702827351,176,9.999350584246312,8.184792654165078,9.09661160664784,7.6128310304073565,0.8813382316680692,1.1031492524956474,1.032591913209204,0.05
189,2ks4_chain_A_frag_0_frame_10,4100,9977,2394,0.249,0.606,0.145,55,64,2ks4,WT,A,295,,,,8.21,2.105352923,Unknown,,,,17.614818947154884,176,10.008419856338001,8.318742252692399,9.208037722913508,7.780720886117918,1.007665016686861,1.2331787218094201,1.2213562451693847,0.05
190,2ks4_chain_A_frag_0_frame_11,4348,11665,2515,0.235,0.63,0.136,55,64,2ks4,WT,A,295,,,,8.21,2.105352923,Unknown,,,,17.498099619923984,176,9.942102056774992,8.3774712482411,9.36434818445553,7.83002808253384,1.0686164615986518,1.4418191630657398,1.2830872834590654,0.05
191,2ks4_chain_A_frag_0_frame_12,3881,9555,2317,0.246,0.607,0.147,55,64,2ks4,WT,A,295,,,,8.21,2.105352923,Unknown,,,,17.48405063291139,176,9.934119677790564,8.263848131368906,9.164819856674374,7.748028524432376,0.9538409584784653,1.1810186114953403,1.1820728571668606,0.05
192,2ks4_chain_A_frag_0_frame_13,3626,9320,2454,0.235,0.605,0.159,55,64,2ks4,WT,A,295,,,,8.21,2.105352923,Unknown,,,,17.55575329231708,176,9.97485982518016,8.195885391314796,9.139917907679637,7.805474625270857,0.8911691098796484,1.1519721045668834,1.2519666773791436,0.05
193,2ks4_chain_A_frag_0_frame_14,4139,10991,2636,0.233,0.619,0.148,55,64,2ks4,WT,A,295,,,,8.21,2.105352923,Unknown,,,,17.137083753784058,176,9.736979405559124,8.328209491748732,9.3048320350689,7.877017895622398,1.0172501229431508,1.3585113091517829,1.344818321748746,0.05
194,2ks4_chain_A_frag_0_frame_15,4244,11098,2613,0.236,0.618,0.146,55,64,2ks4,WT,A,295,,,,8.21,2.105352923,Unknown,,,,17.522268438673024,176,9.955834340155127,8.353261499733874,9.314520190885846,7.868254265520613,1.043056178248546,1.3717367399660163,1.333084322735005,0.05
195,2ks4_chain_A_frag_0_frame_16,4333,11071,2362,0.244,0.623,0.133,55,64,2ks4,WT,A,295,,,,8.21,2.105352923,Unknown,,,,17.509538553735517,176,9.94860145098609,8.374015421739909,9.312084355859467,7.767263996757308,1.0649298822693094,1.3683994817231724,1.2050306813241798,0.05
196,2ks4_chain_A_frag_0_frame_17,3269,9895,2061,0.215,0.65,0.135,55,64,2ks4,WT,A,295,,,,8.21,2.105352923,Unknown,,,,17.465704704806424,176,9.92369585500365,8.092239406724211,9.199784858036667,7.630946580890459,0.8034285218413045,1.223043344923746,1.0514683464052221,0.05
197,2ks4_chain_A_frag_0_frame_18,4245,10153,2622,0.249,0.597,0.154,55,64,2ks4,WT,A,295,,,,8.21,2.105352923,Unknown,,,,17.742466306597343,176,10.080946765112127,8.353497098745448,9.225524507301223,7.871692664323645,1.0433019502038354,1.2549327014664773,1.337675887566469,0.05
198,2ks4_chain_A_frag_0_frame_19,3962,10397,2294,0.238,0.624,0.138,55,64,2ks4,WT,A,295,,,,8.21,2.105352923,Unknown,,,,17.75613481817286,176,10.088712964870943,8.284504227258497,9.249272581977971,7.738052297689316,0.9737484868569131,1.2850916278092153,1.1703388581531196,0.05
199,2ks4_chain_A_frag_0_frame_2,4139,10568,2313,0.243,0.621,0.136,55,64,2ks4,WT,A,295,,,,8.21,2.105352923,Unknown,,,,17.626410662309144,176,10.015006058130195,8.328209491748732,9.26558584620216,7.746300662231439,1.0172501229431508,1.3062275966805605,1.18003216168621,0.05
200,2ks4_chain_A_frag_0_frame_20,4479,11811,2625,0.237,0.624,0.139,55,64,2ks4,WT,A,295,,,,8.21,2.105352923,Unknown,,,,17.484634735855572,176,9.934451554463394,8.4071550862073,9.376786579611847,7.872836175025724,1.1008125877415733,1.4598650780085258,1.3392064091769569,0.05
201,2ks4_chain_A_frag_0_frame_3,3275,9223,1867,0.228,0.642,0.13,55,64,2ks4,WT,A,295,,,,8.21,2.105352923,Unknown,,,,17.539751710159614,176,9.965768017136144,8.094073148069352,9.129455643235719,7.532088143541722,0.8049031535730414,1.1399826953240737,0.952494615593668,0.05
202,2ks4_chain_A_frag_0_frame_4,4363,11071,2711,0.24,0.61,0.149,55,64,2ks4,WT,A,295,,,,8.21,2.105352923,Unknown,,,,18.89204093799682,176,10.734114169316376,8.38091517312361,9.312084355859467,7.905072849498666,1.072303040927994,1.3683994817231724,1.3830813620109448,0.05
203,2ks4_chain_A_frag_0_frame_5,3656,10004,2093,0.232,0.635,0.133,55,64,2ks4,WT,A,295,,,,8.21,2.105352923,Unknown,,,,17.342414421713592,176,9.853644557791814,8.204124932574041,9.21074029199751,7.646353722445999,0.8985422685383326,1.236515980052264,1.067793910250427,0.05
204,2ks4_chain_A_frag_0_frame_6,4263,11389,2493,0.235,0.628,0.137,55,64,2ks4,WT,A,295,,,,8.21,2.105352923,Unknown,,,,17.537719515211478,176,9.964613360915612,8.35772841676521,9.340403256274351,7.821242083523558,1.0477258453990461,1.4077049676944458,1.271863458315487,0.05
205,2ks4_chain_A_frag_0_frame_7,4524,11023,2598,0.249,0.607,0.143,55,64,2ks4,WT,A,295,,,,8.21,2.105352923,Unknown,,,,17.55685366099305,176,9.975485034655142,8.41715183723601,9.307739277963316,7.862497197230545,1.1118723257296,1.3624665781803387,1.3254317146825654,0.05
206,2ks4_chain_A_frag_0_frame_8,4376,9709,2386,0.266,0.589,0.145,55,64,2ks4,WT,A,295,,,,8.21,2.105352923,Unknown,,,,18.466256733407867,176,10.492191325799926,8.383890344101816,9.180808569370145,7.777373602657861,1.075498076346757,1.2000533436952652,1.2172748542080836,0.05
207,2ks4_chain_A_frag_0_frame_9,3660,9721,2372,0.232,0.617,0.151,55,64,2ks4,WT,A,295,,,,8.21,2.105352923,Unknown,,,,17.161564712473897,176,9.75088904117835,8.205218426395412,9.18204377282107,7.771488760117616,0.8995253563594906,1.2015365695809737,1.2101324200258063,0.05
208,2lzm_chain_A_frag_0_frame_1,4004,12529,1422,0.223,0.698,0.079,16,18,2lzm,WT,A,287,,,,10.98,2.396075436,Two,,,,11.603355539106834,164,7.075216792138314,8.295049140435111,9.435801236245553,7.259819610363186,1.1166667399071486,1.8712632843174353,0.819158944534479,1.0
209,2pdd_chain_A_frag_39_frame_1,89,107,35,0.385,0.463,0.152,1,2,2pdd,WT,A,298,,,,2.19,0.783901544,Two,3.0,43.0,,4.831530139103555,43,11.236116602566408,4.48863636973214,4.672828834461906,3.5553480614894135,0.2725721445622998,0.5776813098676654,0.20160546510493849,0.0031746031746031746
210,2pdd_chain_A_frag_39_frame_1,89,107,35,0.385,0.463,0.152,2,3,2pdd,WT,A,298,,,,1.81,0.593326845,Two,6.0,41.0,,4.831530139103555,43,11.236116602566408,4.48863636973214,4.672828834461906,3.5553480614894135,0.2725721445622998,0.5776813098676654,0.20160546510493849,0.0031746031746031746
211,2pdd_chain_A_frag_39_frame_1,89,107,35,0.385,0.463,0.152,3,4,2pdd,WT,A,298,,,,1.03,0.029558802,Two,7.0,39.0,,4.831530139103555,43,11.236116602566408,4.48863636973214,4.672828834461906,3.5553480614894135,0.2725721445622998,0.5776813098676654,0.20160546510493849,0.0031746031746031746
212,2pdd_chain_A_frag_39_frame_10,70,70,31,0.409,0.409,0.181,1,2,2pdd,WT,A,298,,,,2.19,0.783901544,Two,3.0,43.0,,4.815989847715736,43,11.199976390036595,4.248495242049359,4.248495242049359,3.4339872044851463,0.21438258561079757,0.3779223522498745,0.17856484052151694,0.0031746031746031746
213,2pdd_chain_A_frag_39_frame_10,70,70,31,0.409,0.409,0.181,2,3,2pdd,WT,A,298,,,,1.81,0.593326845,Two,6.0,41.0,,4.815989847715736,43,11.199976390036595,4.248495242049359,4.248495242049359,3.4339872044851463,0.21438258561079757,0.3779223522498745,0.17856484052151694,0.0031746031746031746
214,2pdd_chain_A_frag_39_frame_10,70,70,31,0.409,0.409,0.181,3,4,2pdd,WT,A,298,,,,1.03,0.029558802,Two,7.0,39.0,,4.815989847715736,43,11.199976390036595,4.248495242049359,4.248495242049359,3.4339872044851463,0.21438258561079757,0.3779223522498745,0.17856484052151694,0.0031746031746031746
215,2pdd_chain_A_frag_39_frame_11,76,103,31,0.362,0.49,0.148,1,2,2pdd,WT,A,298,,,,2.19,0.783901544,Two,3.0,43.0,,4.5311681508643264,43,10.53760035084727,4.330733340286331,4.634728988229636,3.4339872044851463,0.2327582358060088,0.5560857468819582,0.17856484052151694,0.0031746031746031746
216,2pdd_chain_A_frag_39_frame_11,76,103,31,0.362,0.49,0.148,2,3,2pdd,WT,A,298,,,,1.81,0.593326845,Two,6.0,41.0,,4.5311681508643264,43,10.53760035084727,4.330733340286331,4.634728988229636,3.4339872044851463,0.2327582358060088,0.5560857468819582,0.17856484052151694,0.0031746031746031746
217,2pdd_chain_A_frag_39_frame_11,76,103,31,0.362,0.49,0.148,3,4,2pdd,WT,A,298,,,,1.03,0.029558802,Two,7.0,39.0,,4.5311681508643264,43,10.53760035084727,4.330733340286331,4.634728988229636,3.4339872044851463,0.2327582358060088,0.5560857468819582,0.17856484052151694,0.0031746031746031746
218,2pdd_chain_A_frag_39_frame_12,58,73,22,0.379,0.477,0.144,1,2,2pdd,WT,A,298,,,,2.19,0.783901544,Two,3.0,43.0,,4.437100213219616,43,10.318837705161899,4.060443010546419,4.290459441148391,3.091042453358316,0.17763128522037513,0.39411902448915487,0.12672343520881849,0.0031746031746031746
219,2pdd_chain_A_frag_39_frame_12,58,73,22,0.379,0.477,0.144,2,3,2pdd,WT,A,298,,,,1.81,0.593326845,Two,6.0,41.0,,4.437100213219616,43,10.318837705161899,4.060443010546419,4.290459441148391,3.091042453358316,0.17763128522037513,0.39411902448915487,0.12672343520881849,0.0031746031746031746
220,2pdd_chain_A_frag_39_frame_12,58,73,22,0.379,0.477,0.144,3,4,2pdd,WT,A,298,,,,1.03,0.029558802,Two,7.0,39.0,,4.437100213219616,43,10.318837705161899,4.060443010546419,4.290459441148391,3.091042453358316,0.17763128522037513,0.39411902448915487,0.12672343520881849,0.0031746031746031746
221,2pdd_chain_A_frag_39_frame_13,59,68,26,0.386,0.444,0.17,1,2,2pdd,WT,A,298,,,,2.19,0.783901544,Two,3.0,43.0,,4.6244623655913975,42,11.010624679979518,4.07753744390572,4.219507705176107,3.258096538021482,0.18846720147868345,0.39102165941572525,0.1559497089210032,0.0031746031746031746
222,2pdd_chain_A_frag_39_frame_13,59,68,26,0.386,0.444,0.17,2,3,2pdd,WT,A,298,,,,1.81,0.593326845,Two,6.0,41.0,,4.6244623655913975,42,11.010624679979518,4.07753744390572,4.219507705176107,3.258096538021482,0.18846720147868345,0.39102165941572525,0.1559497089210032,0.0031746031746031746
223,2pdd_chain_A_frag_39_frame_13,59,68,26,0.386,0.444,0.17,3,4,2pdd,WT,A,298,,,,1.03,0.029558802,Two,7.0,39.0,,4.6244623655913975,42,11.010624679979518,4.07753744390572,4.219507705176107,3.258096538021482,0.18846720147868345,0.39102165941572525,0.1559497089210032,0.0031746031746031746
224,2pdd_chain_A_frag_39_frame_14,52,95,24,0.304,0.556,0.14,1,2,2pdd,WT,A,298,,,,2.19,0.783901544,Two,3.0,43.0,,4.3759873617693525,42,10.419017528022268,3.9512437185814275,4.553876891600541,3.1780538303479458,0.16610668604900913,0.5462802594778515,0.1439535774655414,0.0031746031746031746
225,2pdd_chain_A_frag_39_frame_14,52,95,24,0.304,0.556,0.14,2,3,2pdd,WT,A,298,,,,1.81,0.593326845,Two,6.0,41.0,,4.3759873617693525,42,10.419017528022268,3.9512437185814275,4.553876891600541,3.1780538303479458,0.16610668604900913,0.5462802594778515,0.1439535774655414,0.0031746031746031746
226,2pdd_chain_A_frag_39_frame_14,52,95,24,0.304,0.556,0.14,3,4,2pdd,WT,A,298,,,,1.03,0.029558802,Two,7.0,39.0,,4.3759873617693525,42,10.419017528022268,3.9512437185814275,4.553876891600541,3.1780538303479458,0.16610668604900913,0.5462802594778515,0.1439535774655414,0.0031746031746031746
227,2pdd_chain_A_frag_39_frame_15,104,137,59,0.347,0.457,0.197,1,2,2pdd,WT,A,298,,,,2.19,0.783901544,Two,3.0,43.0,,4.628601361969618,42,11.020479433260995,4.6443908991413725,4.919980925828125,4.07753744390572,0.33221337209801827,0.78779363735227,0.35388587793612264,0.0031746031746031746
228,2pdd_chain_A_frag_39_frame_15,104,137,59,0.347,0.457,0.197,2,3,2pdd,WT,A,298,,,,1.81,0.593326845,Two,6.0,41.0,,4.628601361969618,42,11.020479433260995,4.6443908991413725,4.919980925828125,4.07753744390572,0.33221337209801827,0.78779363735227,0.35388587793612264,0.0031746031746031746
229,2pdd_chain_A_frag_39_frame_15,104,137,59,0.347,0.457,0.197,3,4,2pdd,WT,A,298,,,,1.03,0.029558802,Two,7.0,39.0,,4.628601361969618,42,11.020479433260995,4.6443908991413725,4.919980925828125,4.07753744390572,0.33221337209801827,0.78779363735227,0.35388587793612264,0.0031746031746031746
230,2pdd_chain_A_frag_39_frame_16,105,90,58,0.415,0.356,0.229,1,2,2pdd,WT,A,298,,,,2.19,0.783901544,Two,3.0,43.0,,4.824933687002653,42,11.487937350006316,4.653960350157523,4.499809670330265,4.060443010546419,0.3354077314451146,0.5175286668737541,0.34788781220839177,0.0031746031746031746
231,2pdd_chain_A_frag_39_frame_16,105,90,58,0.415,0.356,0.229,2,3,2pdd,WT,A,298,,,,1.81,0.593326845,Two,6.0,41.0,,4.824933687002653,42,11.487937350006316,4.653960350157523,4.499809670330265,4.060443010546419,0.3354077314451146,0.5175286668737541,0.34788781220839177,0.0031746031746031746
232,2pdd_chain_A_frag_39_frame_16,105,90,58,0.415,0.356,0.229,3,4,2pdd,WT,A,298,,,,1.03,0.029558802,Two,7.0,39.0,,4.824933687002653,42,11.487937350006316,4.653960350157523,4.499809670330265,4.060443010546419,0.3354077314451146,0.5175286668737541,0.34788781220839177,0.0031746031746031746
233,2pdd_chain_A_frag_39_frame_17,67,107,36,0.319,0.51,0.171,1,2,2pdd,WT,A,298,,,,2.19,0.783901544,Two,3.0,43.0,,4.226244343891403,42,10.062486533074768,4.204692619390966,4.672828834461906,3.58351893845611,0.21402207625545408,0.6152840817276853,0.21593036619831213,0.0031746031746031746
234,2pdd_chain_A_frag_39_frame_17,67,107,36,0.319,0.51,0.171,2,3,2pdd,WT,A,298,,,,1.81,0.593326845,Two,6.0,41.0,,4.226244343891403,42,10.062486533074768,4.204692619390966,4.672828834461906,3.58351893845611,0.21402207625545408,0.6152840817276853,0.21593036619831213,0.0031746031746031746
235,2pdd_chain_A_frag_39_frame_17,67,107,36,0.319,0.51,0.171,3,4,2pdd,WT,A,298,,,,1.03,0.029558802,Two,7.0,39.0,,4.226244343891403,42,10.062486533074768,4.204692619390966,4.672828834461906,3.58351893845611,0.21402207625545408,0.6152840817276853,0.21593036619831213,0.0031746031746031746
236,2pdd_chain_A_frag_39_frame_18,61,92,18,0.357,0.538,0.105,1,2,2pdd,WT,A,298,,,,2.19,0.783901544,Two,3.0,43.0,,4.418875927889713,42,10.521133161642176,4.110873864173311,4.5217885770490405,2.8903717578961645,0.1948559201728761,0.529029303915393,0.10796518309915606,0.0031746031746031746
237,2pdd_chain_A_frag_39_frame_18,61,92,18,0.357,0.538,0.105,2,3,2pdd,WT,A,298,,,,1.81,0.593326845,Two,6.0,41.0,,4.418875927889713,42,10.521133161642176,4.110873864173311,4.5217885770490405,2.8903717578961645,0.1948559201728761,0.529029303915393,0.10796518309915606,0.0031746031746031746
238,2pdd_chain_A_frag_39_frame_18,61,92,18,0.357,0.538,0.105,3,4,2pdd,WT,A,298,,,,1.03,0.029558802,Two,7.0,39.0,,4.418875927889713,42,10.521133161642176,4.110873864173311,4.5217885770490405,2.8903717578961645,0.1948559201728761,0.529029303915393,0.10796518309915606,0.0031746031746031746
239,2pdd_chain_A_frag_39_frame_19,54,71,28,0.353,0.464,0.183,1,2,2pdd,WT,A,298,,,,2.19,0.783901544,Two,3.0,43.0,,4.5501609442060085,42,10.83371653382383,3.9889840465642745,4.2626798770413155,3.332204510175204,0.1724954047432018,0.40827261497818373,0.16794584037646498,0.0031746031746031746
240,2pdd_chain_A_frag_39_frame_19,54,71,28,0.353,0.464,0.183,2,3,2pdd,WT,A,298,,,,1.81,0.593326845,Two,6.0,41.0,,4.5501609442060085,42,10.83371653382383,3.9889840465642745,4.2626798770413155,3.332204510175204,0.1724954047432018,0.40827261497818373,0.16794584037646498,0.0031746031746031746
241,2pdd_chain_A_frag_39_frame_19,54,71,28,0.353,0.464,0.183,3,4,2pdd,WT,A,298,,,,1.03,0.029558802,Two,7.0,39.0,,4.5501609442060085,42,10.83371653382383,3.9889840465642745,4.2626798770413155,3.332204510175204,0.1724954047432018,0.40827261497818373,0.16794584037646498,0.0031746031746031746
242,2pdd_chain_A_frag_39_frame_2,65,103,42,0.31,0.49,0.2,1,2,2pdd,WT,A,298,,,,2.19,0.783901544,Two,3.0,43.0,,4.651115098692643,43,10.81654674114568,4.174387269895637,4.634728988229636,3.7376696182833684,0.1990695437814549,0.5560857468819582,0.2419265581259262,0.0031746031746031746
243,2pdd_chain_A_frag_39_frame_2,65,103,42,0.31,0.49,0.2,2,3,2pdd,WT,A,298,,,,1.81,0.593326845,Two,6.0,41.0,,4.651115098692643,43,10.81654674114568,4.174387269895637,4.634728988229636,3.7376696182833684,0.1990695437814549,0.5560857468819582,0.2419265581259262,0.0031746031746031746
244,2pdd_chain_A_frag_39_frame_2,65,103,42,0.31,0.49,0.2,3,4,2pdd,WT,A,298,,,,1.03,0.029558802,Two,7.0,39.0,,4.651115098692643,43,10.81654674114568,4.174387269895637,4.634728988229636,3.7376696182833684,0.1990695437814549,0.5560857468819582,0.2419265581259262,0.0031746031746031746
245,2pdd_chain_A_frag_39_frame_20,70,106,34,0.333,0.505,0.162,1,2,2pdd,WT,A,298,,,,2.19,0.783901544,Two,3.0,43.0,,4.521419185282523,43,10.514928337866333,4.248495242049359,4.663439094112067,3.5263605246161616,0.21438258561079757,0.5722824191212386,0.19584530895908311,0.0031746031746031746
246,2pdd_chain_A_frag_39_frame_20,70,106,34,0.333,0.505,0.162,2,3,2pdd,WT,A,298,,,,1.81,0.593326845,Two,6.0,41.0,,4.521419185282523,43,10.514928337866333,4.248495242049359,4.663439094112067,3.5263605246161616,0.21438258561079757,0.5722824191212386,0.19584530895908311,0.0031746031746031746
247,2pdd_chain_A_frag_39_frame_20,70,106,34,0.333,0.505,0.162,3,4,2pdd,WT,A,298,,,,1.03,0.029558802,Two,7.0,39.0,,4.521419185282523,43,10.514928337866333,4.248495242049359,4.663439094112067,3.5263605246161616,0.21438258561079757,0.5722824191212386,0.19584530895908311,0.0031746031746031746
248,2pdd_chain_A_frag_39_frame_21,109,141,50,0.363,0.47,0.167,1,2,2pdd,WT,A,298,,,,2.19,0.783901544,Two,3.0,43.0,,4.621791513881614,42,11.004265509241936,4.6913478822291435,4.948759890378168,3.912023005428146,0.3481851688334999,0.810794911435548,0.2999032863865446,0.0031746031746031746
249,2pdd_chain_A_frag_39_frame_21,109,141,50,0.363,0.47,0.167,2,3,2pdd,WT,A,298,,,,1.81,0.593326845,Two,6.0,41.0,,4.621791513881614,42,11.004265509241936,4.6913478822291435,4.948759890378168,3.912023005428146,0.3481851688334999,0.810794911435548,0.2999032863865446,0.0031746031746031746
250,2pdd_chain_A_frag_39_frame_21,109,141,50,0.363,0.47,0.167,3,4,2pdd,WT,A,298,,,,1.03,0.029558802,Two,7.0,39.0,,4.621791513881614,42,11.004265509241936,4.6913478822291435,4.948759890378168,3.912023005428146,0.3481851688334999,0.810794911435548,0.2999032863865446,0.0031746031746031746
251,2pdd_chain_A_frag_39_frame_22,59,78,34,0.345,0.456,0.199,1,2,2pdd,WT,A,298,,,,2.19,0.783901544,Two,3.0,43.0,,4.622873593300183,42,11.00684188880996,4.07753744390572,4.356708826689592,3.5263605246161616,0.18846720147868345,0.44852484462392017,0.20393423474285033,0.0031746031746031746
252,2pdd_chain_A_frag_39_frame_22,59,78,34,0.345,0.456,0.199,2,3,2pdd,WT,A,298,,,,1.81,0.593326845,Two,6.0,41.0,,4.622873593300183,42,11.00684188880996,4.07753744390572,4.356708826689592,3.5263605246161616,0.18846720147868345,0.44852484462392017,0.20393423474285033,0.0031746031746031746
253,2pdd_chain_A_frag_39_frame_22,59,78,34,0.345,0.456,0.199,3,4,2pdd,WT,A,298,,,,1.03,0.029558802,Two,7.0,39.0,,4.622873593300183,42,11.00684188880996,4.07753744390572,4.356708826689592,3.5263605246161616,0.18846720147868345,0.44852484462392017,0.20393423474285033,0.0031746031746031746
254,2pdd_chain_A_frag_39_frame_23,95,137,68,0.317,0.457,0.227,1,2,2pdd,WT,A,298,,,,2.19,0.783901544,Two,3.0,43.0,,4.604558706599523,42,10.963235015713149,4.553876891600541,4.919980925828125,4.219507705176107,0.3034641379741513,0.78779363735227,0.40786846948570066,0.0031746031746031746
255,2pdd_chain_A_frag_39_frame_23,95,137,68,0.317,0.457,0.227,2,3,2pdd,WT,A,298,,,,1.81,0.593326845,Two,6.0,41.0,,4.604558706599523,42,10.963235015713149,4.553876891600541,4.919980925828125,4.219507705176107,0.3034641379741513,0.78779363735227,0.40786846948570066,0.0031746031746031746
256,2pdd_chain_A_frag_39_frame_23,95,137,68,0.317,0.457,0.227,3,4,2pdd,WT,A,298,,,,1.03,0.029558802,Two,7.0,39.0,,4.604558706599523,42,10.963235015713149,4.553876891600541,4.919980925828125,4.219507705176107,0.3034641379741513,0.78779363735227,0.40786846948570066,0.0031746031746031746
257,2pdd_chain_A_frag_39_frame_24,117,110,49,0.424,0.399,0.178,1,2,2pdd,WT,A,298,,,,2.19,0.783901544,Two,3.0,43.0,,4.785374868004224,42,11.393749685724343,4.762173934797756,4.700480365792417,3.8918202981106265,0.3737400436102706,0.6325350372901438,0.2939052206588137,0.0031746031746031746
258,2pdd_chain_A_frag_39_frame_24,117,110,49,0.424,0.399,0.178,2,3,2pdd,WT,A,298,,,,1.81,0.593326845,Two,6.0,41.0,,4.785374868004224,42,11.393749685724343,4.762173934797756,4.700480365792417,3.8918202981106265,0.3737400436102706,0.6325350372901438,0.2939052206588137,0.0031746031746031746
259,2pdd_chain_A_frag_39_frame_24,117,110,49,0.424,0.399,0.178,3,4,2pdd,WT,A,298,,,,1.03,0.029558802,Two,7.0,39.0,,4.785374868004224,42,11.393749685724343,4.762173934797756,4.700480365792417,3.8918202981106265,0.3737400436102706,0.6325350372901438,0.2939052206588137,0.0031746031746031746
260,2pdd_chain_A_frag_39_frame_25,93,148,59,0.31,0.493,0.197,1,2,2pdd,WT,A,298,,,,2.19,0.783901544,Two,3.0,43.0,,4.850947158524427,42,11.549874186962922,4.532599493153256,4.997212273764115,4.07753744390572,0.2970754192799587,0.8510471410812844,0.35388587793612264,0.0031746031746031746
261,2pdd_chain_A_frag_39_frame_25,93,148,59,0.31,0.493,0.197,2,3,2pdd,WT,A,298,,,,1.81,0.593326845,Two,6.0,41.0,,4.850947158524427,42,11.549874186962922,4.532599493153256,4.997212273764115,4.07753744390572,0.2970754192799587,0.8510471410812844,0.35388587793612264,0.0031746031746031746
262,2pdd_chain_A_frag_39_frame_25,93,148,59,0.31,0.493,0.197,3,4,2pdd,WT,A,298,,,,1.03,0.029558802,Two,7.0,39.0,,4.850947158524427,42,11.549874186962922,4.532599493153256,4.997212273764115,4.07753744390572,0.2970754192799587,0.8510471410812844,0.35388587793612264,0.0031746031746031746
263,2pdd_chain_A_frag_39_frame_26,84,124,45,0.332,0.49,0.178,1,2,2pdd,WT,A,298,,,,2.19,0.783901544,Two,3.0,43.0,,4.414224826851359,42,10.510059111550854,4.430816798843313,4.820281565605037,3.8066624897703196,0.2683261851560917,0.7130394965816167,0.26991295774789015,0.0031746031746031746
264,2pdd_chain_A_frag_39_frame_26,84,124,45,0.332,0.49,0.178,2,3,2pdd,WT,A,298,,,,1.81,0.593326845,Two,6.0,41.0,,4.414224826851359,42,10.510059111550854,4.430816798843313,4.820281565605037,3.8066624897703196,0.2683261851560917,0.7130394965816167,0.26991295774789015,0.0031746031746031746
265,2pdd_chain_A_frag_39_frame_26,84,124,45,0.332,0.49,0.178,3,4,2pdd,WT,A,298,,,,1.03,0.029558802,Two,7.0,39.0,,4.414224826851359,42,10.510059111550854,4.430816798843313,4.820281565605037,3.8066624897703196,0.2683261851560917,0.7130394965816167,0.26991295774789015,0.0031746031746031746
266,2pdd_chain_A_frag_39_frame_27,91,138,47,0.33,0.5,0.17,1,2,2pdd,WT,A,298,,,,2.19,0.783901544,Two,3.0,43.0,,4.4259994704792165,42,10.538093977331469,4.51085950651685,4.927253685157205,3.8501476017100584,0.290686700585766,0.7935439558730896,0.28190908920335195,0.0031746031746031746
267,2pdd_chain_A_frag_39_frame_27,91,138,47,0.33,0.5,0.17,2,3,2pdd,WT,A,298,,,,1.81,0.593326845,Two,6.0,41.0,,4.4259994704792165,42,10.538093977331469,4.51085950651685,4.927253685157205,3.8501476017100584,0.290686700585766,0.7935439558730896,0.28190908920335195,0.0031746031746031746
268,2pdd_chain_A_frag_39_frame_27,91,138,47,0.33,0.5,0.17,3,4,2pdd,WT,A,298,,,,1.03,0.029558802,Two,7.0,39.0,,4.4259994704792165,42,10.538093977331469,4.51085950651685,4.927253685157205,3.8501476017100584,0.290686700585766,0.7935439558730896,0.28190908920335195,0.0031746031746031746
269,2pdd_chain_A_frag_39_frame_28,90,67,33,0.474,0.353,0.174,1,2,2pdd,WT,A,298,,,,2.19,0.783901544,Two,3.0,43.0,,4.274076072295657,42,10.176371600703945,4.499809670330265,4.204692619390966,3.4965075614664802,0.2874923412386697,0.3852713408949058,0.19793616901511946,0.0031746031746031746
270,2pdd_chain_A_frag_39_frame_28,90,67,33,0.474,0.353,0.174,2,3,2pdd,WT,A,298,,,,1.81,0.593326845,Two,6.0,41.0,,4.274076072295657,42,10.176371600703945,4.499809670330265,4.204692619390966,3.4965075614664802,0.2874923412386697,0.3852713408949058,0.19793616901511946,0.0031746031746031746
271,2pdd_chain_A_frag_39_frame_28,90,67,33,0.474,0.353,0.174,3,4,2pdd,WT,A,298,,,,1.03,0.029558802,Two,7.0,39.0,,4.274076072295657,42,10.176371600703945,4.499809670330265,4.204692619390966,3.4965075614664802,0.2874923412386697,0.3852713408949058,0.19793616901511946,0.0031746031746031746
272,2pdd_chain_A_frag_39_frame_29,76,67,28,0.444,0.392,0.164,1,2,2pdd,WT,A,298,,,,2.19,0.783901544,Two,3.0,43.0,,4.589410848689333,42,10.927168687355556,4.330733340286331,4.204692619390966,3.332204510175204,0.24277131037932104,0.3852713408949058,0.16794584037646498,0.0031746031746031746
273,2pdd_chain_A_frag_39_frame_29,76,67,28,0.444,0.392,0.164,2,3,2pdd,WT,A,298,,,,1.81,0.593326845,Two,6.0,41.0,,4.589410848689333,42,10.927168687355556,4.330733340286331,4.204692619390966,3.332204510175204,0.24277131037932104,0.3852713408949058,0.16794584037646498,0.0031746031746031746
274,2pdd_chain_A_frag_39_frame_29,76,67,28,0.444,0.392,0.164,3,4,2pdd,WT,A,298,,,,1.03,0.029558802,Two,7.0,39.0,,4.589410848689333,42,10.927168687355556,4.330733340286331,4.204692619390966,3.332204510175204,0.24277131037932104,0.3852713408949058,0.16794584037646498,0.0031746031746031746
275,2pdd_chain_A_frag_39_frame_3,110,181,60,0.313,0.516,0.171,1,2,2pdd,WT,A,298,,,,2.19,0.783901544,Two,3.0,43.0,,4.308353808353808,43,10.019427461287925,4.700480365792417,5.198497031265826,4.0943445622221,0.33688692024553907,0.977199225103247,0.34560936875132314,0.0031746031746031746
276,2pdd_chain_A_frag_39_frame_3,110,181,60,0.313,0.516,0.171,2,3,2pdd,WT,A,298,,,,1.81,0.593326845,Two,6.0,41.0,,4.308353808353808,43,10.019427461287925,4.700480365792417,5.198497031265826,4.0943445622221,0.33688692024553907,0.977199225103247,0.34560936875132314,0.0031746031746031746
277,2pdd_chain_A_frag_39_frame_3,110,181,60,0.313,0.516,0.171,3,4,2pdd,WT,A,298,,,,1.03,0.029558802,Two,7.0,39.0,,4.308353808353808,43,10.019427461287925,4.700480365792417,5.198497031265826,4.0943445622221,0.33688692024553907,0.977199225103247,0.34560936875132314,0.0031746031746031746
278,2pdd_chain_A_frag_39_frame_30,103,56,31,0.542,0.295,0.163,1,2,2pdd,WT,A,298,,,,2.19,0.783901544,Two,3.0,43.0,,4.447058823529412,43,10.341997264021888,4.634728988229636,4.02535169073515,3.4339872044851463,0.3154486616844593,0.3023378817998996,0.17856484052151694,0.0031746031746031746
279,2pdd_chain_A_frag_39_frame_30,103,56,31,0.542,0.295,0.163,2,3,2pdd,WT,A,298,,,,1.81,0.593326845,Two,6.0,41.0,,4.447058823529412,43,10.341997264021888,4.634728988229636,4.02535169073515,3.4339872044851463,0.3154486616844593,0.3023378817998996,0.17856484052151694,0.0031746031746031746
280,2pdd_chain_A_frag_39_frame_30,103,56,31,0.542,0.295,0.163,3,4,2pdd,WT,A,298,,,,1.03,0.029558802,Two,7.0,39.0,,4.447058823529412,43,10.341997264021888,4.634728988229636,4.02535169073515,3.4339872044851463,0.3154486616844593,0.3023378817998996,0.17856484052151694,0.0031746031746031746
281,2pdd_chain_A_frag_39_frame_31,52,86,15,0.34,0.562,0.098,1,2,2pdd,WT,A,298,,,,2.19,0.783901544,Two,3.0,43.0,,4.332533333333333,42,10.315555555555555,3.9512437185814275,4.454347296253507,2.70805020110221,0.16610668604900913,0.4945273927904761,0.08997098591596338,0.0031746031746031746
282,2pdd_chain_A_frag_39_frame_31,52,86,15,0.34,0.562,0.098,2,3,2pdd,WT,A,298,,,,1.81,0.593326845,Two,6.0,41.0,,4.332533333333333,42,10.315555555555555,3.9512437185814275,4.454347296253507,2.70805020110221,0.16610668604900913,0.4945273927904761,0.08997098591596338,0.0031746031746031746
283,2pdd_chain_A_frag_39_frame_31,52,86,15,0.34,0.562,0.098,3,4,2pdd,WT,A,298,,,,1.03,0.029558802,Two,7.0,39.0,,4.332533333333333,42,10.315555555555555,3.9512437185814275,4.454347296253507,2.70805020110221,0.16610668604900913,0.4945273927904761,0.08997098591596338,0.0031746031746031746
284,2pdd_chain_A_frag_39_frame_32,88,85,37,0.419,0.405,0.176,1,2,2pdd,WT,A,298,,,,2.19,0.783901544,Two,3.0,43.0,,4.5294424179260036,43,10.533587018432566,4.477336814478207,4.442651256490317,3.6109179126442243,0.26950953619643125,0.45890571344627623,0.21312577739664926,0.0031746031746031746
285,2pdd_chain_A_frag_39_frame_32,88,85,37,0.419,0.405,0.176,2,3,2pdd,WT,A,298,,,,1.81,0.593326845,Two,6.0,41.0,,4.5294424179260036,43,10.533587018432566,4.477336814478207,4.442651256490317,3.6109179126442243,0.26950953619643125,0.45890571344627623,0.21312577739664926,0.0031746031746031746
286,2pdd_chain_A_frag_39_frame_32,88,85,37,0.419,0.405,0.176,3,4,2pdd,WT,A,298,,,,1.03,0.029558802,Two,7.0,39.0,,4.5294424179260036,43,10.533587018432566,4.477336814478207,4.442651256490317,3.6109179126442243,0.26950953619643125,0.45890571344627623,0.21312577739664926,0.0031746031746031746
287,2pdd_chain_A_frag_39_frame_33,66,108,36,0.314,0.514,0.171,1,2,2pdd,WT,A,298,,,,2.19,0.783901544,Two,3.0,43.0,,4.684156902699949,43,10.893388145813836,4.189654742026425,4.68213122712422,3.58351893845611,0.20213215214732344,0.5830802006140922,0.20736562125079389,0.0031746031746031746
288,2pdd_chain_A_frag_39_frame_33,66,108,36,0.314,0.514,0.171,2,3,2pdd,WT,A,298,,,,1.81,0.593326845,Two,6.0,41.0,,4.684156902699949,43,10.893388145813836,4.189654742026425,4.68213122712422,3.58351893845611,0.20213215214732344,0.5830802006140922,0.20736562125079389,0.0031746031746031746
289,2pdd_chain_A_frag_39_frame_33,66,108,36,0.314,0.514,0.171,3,4,2pdd,WT,A,298,,,,1.03,0.029558802,Two,7.0,39.0,,4.684156902699949,43,10.893388145813836,4.189654742026425,4.68213122712422,3.58351893845611,0.20213215214732344,0.5830802006140922,0.20736562125079389,0.0031746031746031746
290,2pdd_chain_A_frag_39_frame_34,79,85,46,0.376,0.405,0.219,1,2,2pdd,WT,A,298,,,,2.19,0.783901544,Two,3.0,43.0,,4.550514376154049,43,10.582591572451276,4.3694478524670215,4.442651256490317,3.828641396489095,0.2419460609036144,0.45890571344627623,0.2649671827093477,0.0031746031746031746
291,2pdd_chain_A_frag_39_frame_34,79,85,46,0.376,0.405,0.219,2,3,2pdd,WT,A,298,,,,1.81,0.593326845,Two,6.0,41.0,,4.550514376154049,43,10.582591572451276,4.3694478524670215,4.442651256490317,3.828641396489095,0.2419460609036144,0.45890571344627623,0.2649671827093477,0.0031746031746031746
292,2pdd_chain_A_frag_39_frame_34,79,85,46,0.376,0.405,0.219,3,4,2pdd,WT,A,298,,,,1.03,0.029558802,Two,7.0,39.0,,4.550514376154049,43,10.582591572451276,4.3694478524670215,4.442651256490317,3.828641396489095,0.2419460609036144,0.45890571344627623,0.2649671827093477,0.0031746031746031746
293,2pdd_chain_A_frag_39_frame_35,79,67,25,0.462,0.392,0.146,1,2,2pdd,WT,A,298,,,,2.19,0.783901544,Two,3.0,43.0,,4.858889454915945,43,11.299742918409175,4.3694478524670215,4.204692619390966,3.2188758248682006,0.2419460609036144,0.3617256800105942,0.14400390364638463,0.0031746031746031746
294,2pdd_chain_A_frag_39_frame_35,79,67,25,0.462,0.392,0.146,2,3,2pdd,WT,A,298,,,,1.81,0.593326845,Two,6.0,41.0,,4.858889454915945,43,11.299742918409175,4.3694478524670215,4.204692619390966,3.2188758248682006,0.2419460609036144,0.3617256800105942,0.14400390364638463,0.0031746031746031746
295,2pdd_chain_A_frag_39_frame_35,79,67,25,0.462,0.392,0.146,3,4,2pdd,WT,A,298,,,,1.03,0.029558802,Two,7.0,39.0,,4.858889454915945,43,11.299742918409175,4.3694478524670215,4.204692619390966,3.2188758248682006,0.2419460609036144,0.3617256800105942,0.14400390364638463,0.0031746031746031746
296,2pdd_chain_A_frag_39_frame_4,71,92,27,0.374,0.484,0.142,1,2,2pdd,WT,A,298,,,,2.19,0.783901544,Two,3.0,43.0,,4.327920377160817,43,10.06493110967632,4.2626798770413155,4.5217885770490405,3.295836866004329,0.21744519397666612,0.49669794867126366,0.1555242159380954,0.0031746031746031746
297,2pdd_chain_A_frag_39_frame_4,71,92,27,0.374,0.484,0.142,2,3,2pdd,WT,A,298,,,,1.81,0.593326845,Two,6.0,41.0,,4.327920377160817,43,10.06493110967632,4.2626798770413155,4.5217885770490405,3.295836866004329,0.21744519397666612,0.49669794867126366,0.1555242159380954,0.0031746031746031746
298,2pdd_chain_A_frag_39_frame_4,71,92,27,0.374,0.484,0.142,3,4,2pdd,WT,A,298,,,,1.03,0.029558802,Two,7.0,39.0,,4.327920377160817,43,10.06493110967632,4.2626798770413155,4.5217885770490405,3.295836866004329,0.21744519397666612,0.49669794867126366,0.1555242159380954,0.0031746031746031746
299,2pdd_chain_A_frag_39_frame_5,95,93,43,0.411,0.403,0.186,1,2,2pdd,WT,A,298,,,,2.19,0.783901544,Two,3.0,43.0,,4.552631578947368,43,10.5875152998776,4.553876891600541,4.532599493153256,3.7612001156935624,0.290947794757511,0.5020968394176905,0.24768671427178157,0.0031746031746031746
300,2pdd_chain_A_frag_39_frame_5,95,93,43,0.411,0.403,0.186,2,3,2pdd,WT,A,298,,,,1.81,0.593326845,Two,6.0,41.0,,4.552631578947368,43,10.5875152998776,4.553876891600541,4.532599493153256,3.7612001156935624,0.290947794757511,0.5020968394176905,0.24768671427178157,0.0031746031746031746
301,2pdd_chain_A_frag_39_frame_5,95,93,43,0.411,0.403,0.186,3,4,2pdd,WT,A,298,,,,1.03,0.029558802,Two,7.0,39.0,,4.552631578947368,43,10.5875152998776,4.553876891600541,4.532599493153256,3.7612001156935624,0.290947794757511,0.5020968394176905,0.24768671427178157,0.0031746031746031746
302,2pdd_chain_A_frag_39_frame_6,80,63,28,0.468,0.368,0.164,1,2,2pdd,WT,A,298,,,,2.19,0.783901544,Two,3.0,43.0,,4.81633172220809,43,11.200771446995557,4.382026634673881,4.143134726391533,3.332204510175204,0.24500866926948295,0.3401301170248871,0.1612843720839508,0.0031746031746031746
303,2pdd_chain_A_frag_39_frame_6,80,63,28,0.468,0.368,0.164,2,3,2pdd,WT,A,298,,,,1.81,0.593326845,Two,6.0,41.0,,4.81633172220809,43,11.200771446995557,4.382026634673881,4.143134726391533,3.332204510175204,0.24500866926948295,0.3401301170248871,0.1612843720839508,0.0031746031746031746
304,2pdd_chain_A_frag_39_frame_6,80,63,28,0.468,0.368,0.164,3,4,2pdd,WT,A,298,,,,1.03,0.029558802,Two,7.0,39.0,,4.81633172220809,43,11.200771446995557,4.382026634673881,4.143134726391533,3.332204510175204,0.24500866926948295,0.3401301170248871,0.1612843720839508,0.0031746031746031746
305,2pdd_chain_A_frag_39_frame_7,83,162,55,0.277,0.54,0.183,1,2,2pdd,WT,A,298,,,,2.19,0.783901544,Two,3.0,43.0,,4.805156172533466,43,11.174781796589455,4.418840607796598,5.087596335232384,4.007333185232471,0.2541964943670886,0.8746203009211382,0.3168085880220462,0.0031746031746031746
306,2pdd_chain_A_frag_39_frame_7,83,162,55,0.277,0.54,0.183,2,3,2pdd,WT,A,298,,,,1.81,0.593326845,Two,6.0,41.0,,4.805156172533466,43,11.174781796589455,4.418840607796598,5.087596335232384,4.007333185232471,0.2541964943670886,0.8746203009211382,0.3168085880220462,0.0031746031746031746
307,2pdd_chain_A_frag_39_frame_7,83,162,55,0.277,0.54,0.183,3,4,2pdd,WT,A,298,,,,1.03,0.029558802,Two,7.0,39.0,,4.805156172533466,43,11.174781796589455,4.418840607796598,5.087596335232384,4.007333185232471,0.2541964943670886,0.8746203009211382,0.3168085880220462,0.0031746031746031746
308,2pdd_chain_A_frag_39_frame_8,92,82,36,0.438,0.39,0.171,1,2,2pdd,WT,A,298,,,,2.19,0.783901544,Two,3.0,43.0,,4.2448707700506265,43,9.87179248848983,4.5217885770490405,4.406719247264253,3.58351893845611,0.2817599696599054,0.4427090412069959,0.20736562125079389,0.0031746031746031746
309,2pdd_chain_A_frag_39_frame_8,92,82,36,0.438,0.39,0.171,2,3,2pdd,WT,A,298,,,,1.81,0.593326845,Two,6.0,41.0,,4.2448707700506265,43,9.87179248848983,4.5217885770490405,4.406719247264253,3.58351893845611,0.2817599696599054,0.4427090412069959,0.20736562125079389,0.0031746031746031746
310,2pdd_chain_A_frag_39_frame_8,92,82,36,0.438,0.39,0.171,3,4,2pdd,WT,A,298,,,,1.03,0.029558802,Two,7.0,39.0,,4.2448707700506265,43,9.87179248848983,4.5217885770490405,4.406719247264253,3.58351893845611,0.2817599696599054,0.4427090412069959,0.20736562125079389,0.0031746031746031746
311,2pdd_chain_A_frag_39_frame_9,91,106,34,0.394,0.459,0.147,1,2,2pdd,WT,A,298,,,,2.19,0.783901544,Two,3.0,43.0,,4.383128754243928,43,10.193322684288205,4.51085950651685,4.663439094112067,3.5263605246161616,0.2786973612940368,0.5722824191212386,0.19584530895908311,0.0031746031746031746
312,2pdd_chain_A_frag_39_frame_9,91,106,34,0.394,0.459,0.147,2,3,2pdd,WT,A,298,,,,1.81,0.593326845,Two,6.0,41.0,,4.383128754243928,43,10.193322684288205,4.51085950651685,4.663439094112067,3.5263605246161616,0.2786973612940368,0.5722824191212386,0.19584530895908311,0.0031746031746031746
313,2pdd_chain_A_frag_39_frame_9,91,106,34,0.394,0.459,0.147,3,4,2pdd,WT,A,298,,,,1.03,0.029558802,Two,7.0,39.0,,4.383128754243928,43,10.193322684288205,4.51085950651685,4.663439094112067,3.5263605246161616,0.2786973612940368,0.5722824191212386,0.19584530895908311,0.0031746031746031746
314,2pdd_chain_A_frag_41_frame_1,89,107,35,0.385,0.463,0.152,1,2,2pdd,WT,A,298,,,,2.19,0.783901544,Two,3.0,43.0,,4.831530139103555,43,11.236116602566408,4.48863636973214,4.672828834461906,3.5553480614894135,0.2725721445622998,0.5776813098676654,0.20160546510493849,0.0031746031746031746
315,2pdd_chain_A_frag_41_frame_1,89,107,35,0.385,0.463,0.152,2,3,2pdd,WT,A,298,,,,1.81,0.593326845,Two,6.0,41.0,,4.831530139103555,43,11.236116602566408,4.48863636973214,4.672828834461906,3.5553480614894135,0.2725721445622998,0.5776813098676654,0.20160546510493849,0.0031746031746031746
316,2pdd_chain_A_frag_41_frame_1,89,107,35,0.385,0.463,0.152,3,4,2pdd,WT,A,298,,,,1.03,0.029558802,Two,7.0,39.0,,4.831530139103555,43,11.236116602566408,4.48863636973214,4.672828834461906,3.5553480614894135,0.2725721445622998,0.5776813098676654,0.20160546510493849,0.0031746031746031746
317,2pdd_chain_A_frag_41_frame_10,70,70,31,0.409,0.409,0.181,1,2,2pdd,WT,A,298,,,,2.19,0.783901544,Two,3.0,43.0,,4.815989847715736,43,11.199976390036595,4.248495242049359,4.248495242049359,3.4339872044851463,0.21438258561079757,0.3779223522498745,0.17856484052151694,0.0031746031746031746
318,2pdd_chain_A_frag_41_frame_10,70,70,31,0.409,0.409,0.181,2,3,2pdd,WT,A,298,,,,1.81,0.593326845,Two,6.0,41.0,,4.815989847715736,43,11.199976390036595,4.248495242049359,4.248495242049359,3.4339872044851463,0.21438258561079757,0.3779223522498745,0.17856484052151694,0.0031746031746031746
319,2pdd_chain_A_frag_41_frame_10,70,70,31,0.409,0.409,0.181,3,4,2pdd,WT,A,298,,,,1.03,0.029558802,Two,7.0,39.0,,4.815989847715736,43,11.199976390036595,4.248495242049359,4.248495242049359,3.4339872044851463,0.21438258561079757,0.3779223522498745,0.17856484052151694,0.0031746031746031746
320,2pdd_chain_A_frag_41_frame_11,76,103,31,0.362,0.49,0.148,1,2,2pdd,WT,A,298,,,,2.19,0.783901544,Two,3.0,43.0,,4.5311681508643264,43,10.53760035084727,4.330733340286331,4.634728988229636,3.4339872044851463,0.2327582358060088,0.5560857468819582,0.17856484052151694,0.0031746031746031746
321,2pdd_chain_A_frag_41_frame_11,76,103,31,0.362,0.49,0.148,2,3,2pdd,WT,A,298,,,,1.81,0.593326845,Two,6.0,41.0,,4.5311681508643264,43,10.53760035084727,4.330733340286331,4.634728988229636,3.4339872044851463,0.2327582358060088,0.5560857468819582,0.17856484052151694,0.0031746031746031746
322,2pdd_chain_A_frag_41_frame_11,76,103,31,0.362,0.49,0.148,3,4,2pdd,WT,A,298,,,,1.03,0.029558802,Two,7.0,39.0,,4.5311681508643264,43,10.53760035084727,4.330733340286331,4.634728988229636,3.4339872044851463,0.2327582358060088,0.5560857468819582,0.17856484052151694,0.0031746031746031746
323,2pdd_chain_A_frag_41_frame_12,58,73,22,0.379,0.477,0.144,1,2,2pdd,WT,A,298,,,,2.19,0.783901544,Two,3.0,43.0,,4.437100213219616,43,10.318837705161899,4.060443010546419,4.290459441148391,3.091042453358316,0.17763128522037513,0.39411902448915487,0.12672343520881849,0.0031746031746031746
324,2pdd_chain_A_frag_41_frame_12,58,73,22,0.379,0.477,0.144,2,3,2pdd,WT,A,298,,,,1.81,0.593326845,Two,6.0,41.0,,4.437100213219616,43,10.318837705161899,4.060443010546419,4.290459441148391,3.091042453358316,0.17763128522037513,0.39411902448915487,0.12672343520881849,0.0031746031746031746
325,2pdd_chain_A_frag_41_frame_12,58,73,22,0.379,0.477,0.144,3,4,2pdd,WT,A,298,,,,1.03,0.029558802,Two,7.0,39.0,,4.437100213219616,43,10.318837705161899,4.060443010546419,4.290459441148391,3.091042453358316,0.17763128522037513,0.39411902448915487,0.12672343520881849,0.0031746031746031746
326,2pdd_chain_A_frag_41_frame_13,59,68,26,0.386,0.444,0.17,1,2,2pdd,WT,A,298,,,,2.19,0.783901544,Two,3.0,43.0,,4.6244623655913975,42,11.010624679979518,4.07753744390572,4.219507705176107,3.258096538021482,0.18846720147868345,0.39102165941572525,0.1559497089210032,0.0031746031746031746
327,2pdd_chain_A_frag_41_frame_13,59,68,26,0.386,0.444,0.17,2,3,2pdd,WT,A,298,,,,1.81,0.593326845,Two,6.0,41.0,,4.6244623655913975,42,11.010624679979518,4.07753744390572,4.219507705176107,3.258096538021482,0.18846720147868345,0.39102165941572525,0.1559497089210032,0.0031746031746031746
328,2pdd_chain_A_frag_41_frame_13,59,68,26,0.386,0.444,0.17,3,4,2pdd,WT,A,298,,,,1.03,0.029558802,Two,7.0,39.0,,4.6244623655913975,42,11.010624679979518,4.07753744390572,4.219507705176107,3.258096538021482,0.18846720147868345,0.39102165941572525,0.1559497089210032,0.0031746031746031746
329,2pdd_chain_A_frag_41_frame_14,52,95,24,0.304,0.556,0.14,1,2,2pdd,WT,A,298,,,,2.19,0.783901544,Two,3.0,43.0,,4.3759873617693525,42,10.419017528022268,3.9512437185814275,4.553876891600541,3.1780538303479458,0.16610668604900913,0.5462802594778515,0.1439535774655414,0.0031746031746031746
330,2pdd_chain_A_frag_41_frame_14,52,95,24,0.304,0.556,0.14,2,3,2pdd,WT,A,298,,,,1.81,0.593326845,Two,6.0,41.0,,4.3759873617693525,42,10.419017528022268,3.9512437185814275,4.553876891600541,3.1780538303479458,0.16610668604900913,0.5462802594778515,0.1439535774655414,0.0031746031746031746
331,2pdd_chain_A_frag_41_frame_14,52,95,24,0.304,0.556,0.14,3,4,2pdd,WT,A,298,,,,1.03,0.029558802,Two,7.0,39.0,,4.3759873617693525,42,10.419017528022268,3.9512437185814275,4.553876891600541,3.1780538303479458,0.16610668604900913,0.5462802594778515,0.1439535774655414,0.0031746031746031746
332,2pdd_chain_A_frag_41_frame_15,104,137,59,0.347,0.457,0.197,1,2,2pdd,WT,A,298,,,,2.19,0.783901544,Two,3.0,43.0,,4.628601361969618,42,11.020479433260995,4.6443908991413725,4.919980925828125,4.07753744390572,0.33221337209801827,0.78779363735227,0.35388587793612264,0.0031746031746031746
333,2pdd_chain_A_frag_41_frame_15,104,137,59,0.347,0.457,0.197,2,3,2pdd,WT,A,298,,,,1.81,0.593326845,Two,6.0,41.0,,4.628601361969618,42,11.020479433260995,4.6443908991413725,4.919980925828125,4.07753744390572,0.33221337209801827,0.78779363735227,0.35388587793612264,0.0031746031746031746
334,2pdd_chain_A_frag_41_frame_15,104,137,59,0.347,0.457,0.197,3,4,2pdd,WT,A,298,,,,1.03,0.029558802,Two,7.0,39.0,,4.628601361969618,42,11.020479433260995,4.6443908991413725,4.919980925828125,4.07753744390572,0.33221337209801827,0.78779363735227,0.35388587793612264,0.0031746031746031746
335,2pdd_chain_A_frag_41_frame_16,105,90,58,0.415,0.356,0.229,1,2,2pdd,WT,A,298,,,,2.19,0.783901544,Two,3.0,43.0,,4.824933687002653,42,11.487937350006316,4.653960350157523,4.499809670330265,4.060443010546419,0.3354077314451146,0.5175286668737541,0.34788781220839177,0.0031746031746031746
336,2pdd_chain_A_frag_41_frame_16,105,90,58,0.415,0.356,0.229,2,3,2pdd,WT,A,298,,,,1.81,0.593326845,Two,6.0,41.0,,4.824933687002653,42,11.487937350006316,4.653960350157523,4.499809670330265,4.060443010546419,0.3354077314451146,0.5175286668737541,0.34788781220839177,0.0031746031746031746
337,2pdd_chain_A_frag_41_frame_16,105,90,58,0.415,0.356,0.229,3,4,2pdd,WT,A,298,,,,1.03,0.029558802,Two,7.0,39.0,,4.824933687002653,42,11.487937350006316,4.653960350157523,4.499809670330265,4.060443010546419,0.3354077314451146,0.5175286668737541,0.34788781220839177,0.0031746031746031746
338,2pdd_chain_A_frag_41_frame_17,67,107,36,0.319,0.51,0.171,1,2,2pdd,WT,A,298,,,,2.19,0.783901544,Two,3.0,43.0,,4.226244343891403,42,10.062486533074768,4.204692619390966,4.672828834461906,3.58351893845611,0.21402207625545408,0.6152840817276853,0.21593036619831213,0.0031746031746031746
339,2pdd_chain_A_frag_41_frame_17,67,107,36,0.319,0.51,0.171,2,3,2pdd,WT,A,298,,,,1.81,0.593326845,Two,6.0,41.0,,4.226244343891403,42,10.062486533074768,4.204692619390966,4.672828834461906,3.58351893845611,0.21402207625545408,0.6152840817276853,0.21593036619831213,0.0031746031746031746
340,2pdd_chain_A_frag_41_frame_17,67,107,36,0.319,0.51,0.171,3,4,2pdd,WT,A,298,,,,1.03,0.029558802,Two,7.0,39.0,,4.226244343891403,42,10.062486533074768,4.204692619390966,4.672828834461906,3.58351893845611,0.21402207625545408,0.6152840817276853,0.21593036619831213,0.0031746031746031746
341,2pdd_chain_A_frag_41_frame_18,61,92,18,0.357,0.538,0.105,1,2,2pdd,WT,A,298,,,,2.19,0.783901544,Two,3.0,43.0,,4.418875927889713,42,10.521133161642176,4.110873864173311,4.5217885770490405,2.8903717578961645,0.1948559201728761,0.529029303915393,0.10796518309915606,0.0031746031746031746
342,2pdd_chain_A_frag_41_frame_18,61,92,18,0.357,0.538,0.105,2,3,2pdd,WT,A,298,,,,1.81,0.593326845,Two,6.0,41.0,,4.418875927889713,42,10.521133161642176,4.110873864173311,4.5217885770490405,2.8903717578961645,0.1948559201728761,0.529029303915393,0.10796518309915606,0.0031746031746031746
343,2pdd_chain_A_frag_41_frame_18,61,92,18,0.357,0.538,0.105,3,4,2pdd,WT,A,298,,,,1.03,0.029558802,Two,7.0,39.0,,4.418875927889713,42,10.521133161642176,4.110873864173311,4.5217885770490405,2.8903717578961645,0.1948559201728761,0.529029303915393,0.10796518309915606,0.0031746031746031746
344,2pdd_chain_A_frag_41_frame_19,54,71,28,0.353,0.464,0.183,1,2,2pdd,WT,A,298,,,,2.19,0.783901544,Two,3.0,43.0,,4.5501609442060085,42,10.83371653382383,3.9889840465642745,4.2626798770413155,3.332204510175204,0.1724954047432018,0.40827261497818373,0.16794584037646498,0.0031746031746031746
345,2pdd_chain_A_frag_41_frame_19,54,71,28,0.353,0.464,0.183,2,3,2pdd,WT,A,298,,,,1.81,0.593326845,Two,6.0,41.0,,4.5501609442060085,42,10.83371653382383,3.9889840465642745,4.2626798770413155,3.332204510175204,0.1724954047432018,0.40827261497818373,0.16794584037646498,0.0031746031746031746
346,2pdd_chain_A_frag_41_frame_19,54,71,28,0.353,0.464,0.183,3,4,2pdd,WT,A,298,,,,1.03,0.029558802,Two,7.0,39.0,,4.5501609442060085,42,10.83371653382383,3.9889840465642745,4.2626798770413155,3.332204510175204,0.1724954047432018,0.40827261497818373,0.16794584037646498,0.0031746031746031746
347,2pdd_chain_A_frag_41_frame_2,65,103,42,0.31,0.49,0.2,1,2,2pdd,WT,A,298,,,,2.19,0.783901544,Two,3.0,43.0,,4.651115098692643,43,10.81654674114568,4.174387269895637,4.634728988229636,3.7376696182833684,0.1990695437814549,0.5560857468819582,0.2419265581259262,0.0031746031746031746
348,2pdd_chain_A_frag_41_frame_2,65,103,42,0.31,0.49,0.2,2,3,2pdd,WT,A,298,,,,1.81,0.593326845,Two,6.0,41.0,,4.651115098692643,43,10.81654674114568,4.174387269895637,4.634728988229636,3.7376696182833684,0.1990695437814549,0.5560857468819582,0.2419265581259262,0.0031746031746031746
349,2pdd_chain_A_frag_41_frame_2,65,103,42,0.31,0.49,0.2,3,4,2pdd,WT,A,298,,,,1.03,0.029558802,Two,7.0,39.0,,4.651115098692643,43,10.81654674114568,4.174387269895637,4.634728988229636,3.7376696182833684,0.1990695437814549,0.5560857468819582,0.2419265581259262,0.0031746031746031746
350,2pdd_chain_A_frag_41_frame_20,70,106,34,0.333,0.505,0.162,1,2,2pdd,WT,A,298,,,,2.19,0.783901544,Two,3.0,43.0,,4.521419185282523,43,10.514928337866333,4.248495242049359,4.663439094112067,3.5263605246161616,0.21438258561079757,0.5722824191212386,0.19584530895908311,0.0031746031746031746
351,2pdd_chain_A_frag_41_frame_20,70,106,34,0.333,0.505,0.162,2,3,2pdd,WT,A,298,,,,1.81,0.593326845,Two,6.0,41.0,,4.521419185282523,43,10.514928337866333,4.248495242049359,4.663439094112067,3.5263605246161616,0.21438258561079757,0.5722824191212386,0.19584530895908311,0.0031746031746031746
352,2pdd_chain_A_frag_41_frame_20,70,106,34,0.333,0.505,0.162,3,4,2pdd,WT,A,298,,,,1.03,0.029558802,Two,7.0,39.0,,4.521419185282523,43,10.514928337866333,4.248495242049359,4.663439094112067,3.5263605246161616,0.21438258561079757,0.5722824191212386,0.19584530895908311,0.0031746031746031746
353,2pdd_chain_A_frag_41_frame_21,109,141,50,0.363,0.47,0.167,1,2,2pdd,WT,A,298,,,,2.19,0.783901544,Two,3.0,43.0,,4.621791513881614,42,11.004265509241936,4.6913478822291435,4.948759890378168,3.912023005428146,0.3481851688334999,0.810794911435548,0.2999032863865446,0.0031746031746031746
354,2pdd_chain_A_frag_41_frame_21,109,141,50,0.363,0.47,0.167,2,3,2pdd,WT,A,298,,,,1.81,0.593326845,Two,6.0,41.0,,4.621791513881614,42,11.004265509241936,4.6913478822291435,4.948759890378168,3.912023005428146,0.3481851688334999,0.810794911435548,0.2999032863865446,0.0031746031746031746
355,2pdd_chain_A_frag_41_frame_21,109,141,50,0.363,0.47,0.167,3,4,2pdd,WT,A,298,,,,1.03,0.029558802,Two,7.0,39.0,,4.621791513881614,42,11.004265509241936,4.6913478822291435,4.948759890378168,3.912023005428146,0.3481851688334999,0.810794911435548,0.2999032863865446,0.0031746031746031746
356,2pdd_chain_A_frag_41_frame_22,59,78,34,0.345,0.456,0.199,1,2,2pdd,WT,A,298,,,,2.19,0.783901544,Two,3.0,43.0,,4.622873593300183,42,11.00684188880996,4.07753744390572,4.356708826689592,3.5263605246161616,0.18846720147868345,0.44852484462392017,0.20393423474285033,0.0031746031746031746
357,2pdd_chain_A_frag_41_frame_22,59,78,34,0.345,0.456,0.199,2,3,2pdd,WT,A,298,,,,1.81,0.593326845,Two,6.0,41.0,,4.622873593300183,42,11.00684188880996,4.07753744390572,4.356708826689592,3.5263605246161616,0.18846720147868345,0.44852484462392017,0.20393423474285033,0.0031746031746031746
358,2pdd_chain_A_frag_41_frame_22,59,78,34,0.345,0.456,0.199,3,4,2pdd,WT,A,298,,,,1.03,0.029558802,Two,7.0,39.0,,4.622873593300183,42,11.00684188880996,4.07753744390572,4.356708826689592,3.5263605246161616,0.18846720147868345,0.44852484462392017,0.20393423474285033,0.0031746031746031746
359,2pdd_chain_A_frag_41_frame_23,95,137,68,0.317,0.457,0.227,1,2,2pdd,WT,A,298,,,,2.19,0.783901544,Two,3.0,43.0,,4.604558706599523,42,10.963235015713149,4.553876891600541,4.919980925828125,4.219507705176107,0.3034641379741513,0.78779363735227,0.40786846948570066,0.0031746031746031746
360,2pdd_chain_A_frag_41_frame_23,95,137,68,0.317,0.457,0.227,2,3,2pdd,WT,A,298,,,,1.81,0.593326845,Two,6.0,41.0,,4.604558706599523,42,10.963235015713149,4.553876891600541,4.919980925828125,4.219507705176107,0.3034641379741513,0.78779363735227,0.40786846948570066,0.0031746031746031746
361,2pdd_chain_A_frag_41_frame_23,95,137,68,0.317,0.457,0.227,3,4,2pdd,WT,A,298,,,,1.03,0.029558802,Two,7.0,39.0,,4.604558706599523,42,10.963235015713149,4.553876891600541,4.919980925828125,4.219507705176107,0.3034641379741513,0.78779363735227,0.40786846948570066,0.0031746031746031746
362,2pdd_chain_A_frag_41_frame_24,117,110,49,0.424,0.399,0.178,1,2,2pdd,WT,A,298,,,,2.19,0.783901544,Two,3.0,43.0,,4.785374868004224,42,11.393749685724343,4.762173934797756,4.700480365792417,3.8918202981106265,0.3737400436102706,0.6325350372901438,0.2939052206588137,0.0031746031746031746
363,2pdd_chain_A_frag_41_frame_24,117,110,49,0.424,0.399,0.178,2,3,2pdd,WT,A,298,,,,1.81,0.593326845,Two,6.0,41.0,,4.785374868004224,42,11.393749685724343,4.762173934797756,4.700480365792417,3.8918202981106265,0.3737400436102706,0.6325350372901438,0.2939052206588137,0.0031746031746031746
364,2pdd_chain_A_frag_41_frame_24,117,110,49,0.424,0.399,0.178,3,4,2pdd,WT,A,298,,,,1.03,0.029558802,Two,7.0,39.0,,4.785374868004224,42,11.393749685724343,4.762173934797756,4.700480365792417,3.8918202981106265,0.3737400436102706,0.6325350372901438,0.2939052206588137,0.0031746031746031746
365,2pdd_chain_A_frag_41_frame_25,93,148,59,0.31,0.493,0.197,1,2,2pdd,WT,A,298,,,,2.19,0.783901544,Two,3.0,43.0,,4.850947158524427,42,11.549874186962922,4.532599493153256,4.997212273764115,4.07753744390572,0.2970754192799587,0.8510471410812844,0.35388587793612264,0.0031746031746031746
366,2pdd_chain_A_frag_41_frame_25,93,148,59,0.31,0.493,0.197,2,3,2pdd,WT,A,298,,,,1.81,0.593326845,Two,6.0,41.0,,4.850947158524427,42,11.549874186962922,4.532599493153256,4.997212273764115,4.07753744390572,0.2970754192799587,0.8510471410812844,0.35388587793612264,0.0031746031746031746
367,2pdd_chain_A_frag_41_frame_25,93,148,59,0.31,0.493,0.197,3,4,2pdd,WT,A,298,,,,1.03,0.029558802,Two,7.0,39.0,,4.850947158524427,42,11.549874186962922,4.532599493153256,4.997212273764115,4.07753744390572,0.2970754192799587,0.8510471410812844,0.35388587793612264,0.0031746031746031746
368,2pdd_chain_A_frag_41_frame_26,84,124,45,0.332,0.49,0.178,1,2,2pdd,WT,A,298,,,,2.19,0.783901544,Two,3.0,43.0,,4.414224826851359,42,10.510059111550854,4.430816798843313,4.820281565605037,3.8066624897703196,0.2683261851560917,0.7130394965816167,0.26991295774789015,0.0031746031746031746
369,2pdd_chain_A_frag_41_frame_26,84,124,45,0.332,0.49,0.178,2,3,2pdd,WT,A,298,,,,1.81,0.593326845,Two,6.0,41.0,,4.414224826851359,42,10.510059111550854,4.430816798843313,4.820281565605037,3.8066624897703196,0.2683261851560917,0.7130394965816167,0.26991295774789015,0.0031746031746031746
370,2pdd_chain_A_frag_41_frame_26,84,124,45,0.332,0.49,0.178,3,4,2pdd,WT,A,298,,,,1.03,0.029558802,Two,7.0,39.0,,4.414224826851359,42,10.510059111550854,4.430816798843313,4.820281565605037,3.8066624897703196,0.2683261851560917,0.7130394965816167,0.26991295774789015,0.0031746031746031746
371,2pdd_chain_A_frag_41_frame_27,91,138,47,0.33,0.5,0.17,1,2,2pdd,WT,A,298,,,,2.19,0.783901544,Two,3.0,43.0,,4.4259994704792165,42,10.538093977331469,4.51085950651685,4.927253685157205,3.8501476017100584,0.290686700585766,0.7935439558730896,0.28190908920335195,0.0031746031746031746
372,2pdd_chain_A_frag_41_frame_27,91,138,47,0.33,0.5,0.17,2,3,2pdd,WT,A,298,,,,1.81,0.593326845,Two,6.0,41.0,,4.4259994704792165,42,10.538093977331469,4.51085950651685,4.927253685157205,3.8501476017100584,0.290686700585766,0.7935439558730896,0.28190908920335195,0.0031746031746031746
373,2pdd_chain_A_frag_41_frame_27,91,138,47,0.33,0.5,0.17,3,4,2pdd,WT,A,298,,,,1.03,0.029558802,Two,7.0,39.0,,4.4259994704792165,42,10.538093977331469,4.51085950651685,4.927253685157205,3.8501476017100584,0.290686700585766,0.7935439558730896,0.28190908920335195,0.0031746031746031746
374,2pdd_chain_A_frag_41_frame_28,90,67,33,0.474,0.353,0.174,1,2,2pdd,WT,A,298,,,,2.19,0.783901544,Two,3.0,43.0,,4.274076072295657,42,10.176371600703945,4.499809670330265,4.204692619390966,3.4965075614664802,0.2874923412386697,0.3852713408949058,0.19793616901511946,0.0031746031746031746
375,2pdd_chain_A_frag_41_frame_28,90,67,33,0.474,0.353,0.174,2,3,2pdd,WT,A,298,,,,1.81,0.593326845,Two,6.0,41.0,,4.274076072295657,42,10.176371600703945,4.499809670330265,4.204692619390966,3.4965075614664802,0.2874923412386697,0.3852713408949058,0.19793616901511946,0.0031746031746031746
376,2pdd_chain_A_frag_41_frame_28,90,67,33,0.474,0.353,0.174,3,4,2pdd,WT,A,298,,,,1.03,0.029558802,Two,7.0,39.0,,4.274076072295657,42,10.176371600703945,4.499809670330265,4.204692619390966,3.4965075614664802,0.2874923412386697,0.3852713408949058,0.19793616901511946,0.0031746031746031746
377,2pdd_chain_A_frag_41_frame_29,76,67,28,0.444,0.392,0.164,1,2,2pdd,WT,A,298,,,,2.19,0.783901544,Two,3.0,43.0,,4.589410848689333,42,10.927168687355556,4.330733340286331,4.204692619390966,3.332204510175204,0.24277131037932104,0.3852713408949058,0.16794584037646498,0.0031746031746031746
378,2pdd_chain_A_frag_41_frame_29,76,67,28,0.444,0.392,0.164,2,3,2pdd,WT,A,298,,,,1.81,0.593326845,Two,6.0,41.0,,4.589410848689333,42,10.927168687355556,4.330733340286331,4.204692619390966,3.332204510175204,0.24277131037932104,0.3852713408949058,0.16794584037646498,0.0031746031746031746
379,2pdd_chain_A_frag_41_frame_29,76,67,28,0.444,0.392,0.164,3,4,2pdd,WT,A,298,,,,1.03,0.029558802,Two,7.0,39.0,,4.589410848689333,42,10.927168687355556,4.330733340286331,4.204692619390966,3.332204510175204,0.24277131037932104,0.3852713408949058,0.16794584037646498,0.0031746031746031746
380,2pdd_chain_A_frag_41_frame_3,110,181,60,0.313,0.516,0.171,1,2,2pdd,WT,A,298,,,,2.19,0.783901544,Two,3.0,43.0,,4.308353808353808,43,10.019427461287925,4.700480365792417,5.198497031265826,4.0943445622221,0.33688692024553907,0.977199225103247,0.34560936875132314,0.0031746031746031746
381,2pdd_chain_A_frag_41_frame_3,110,181,60,0.313,0.516,0.171,2,3,2pdd,WT,A,298,,,,1.81,0.593326845,Two,6.0,41.0,,4.308353808353808,43,10.019427461287925,4.700480365792417,5.198497031265826,4.0943445622221,0.33688692024553907,0.977199225103247,0.34560936875132314,0.0031746031746031746
382,2pdd_chain_A_frag_41_frame_3,110,181,60,0.313,0.516,0.171,3,4,2pdd,WT,A,298,,,,1.03,0.029558802,Two,7.0,39.0,,4.308353808353808,43,10.019427461287925,4.700480365792417,5.198497031265826,4.0943445622221,0.33688692024553907,0.977199225103247,0.34560936875132314,0.0031746031746031746
383,2pdd_chain_A_frag_41_frame_30,103,56,31,0.542,0.295,0.163,1,2,2pdd,WT,A,298,,,,2.19,0.783901544,Two,3.0,43.0,,4.447058823529412,43,10.341997264021888,4.634728988229636,4.02535169073515,3.4339872044851463,0.3154486616844593,0.3023378817998996,0.17856484052151694,0.0031746031746031746
384,2pdd_chain_A_frag_41_frame_30,103,56,31,0.542,0.295,0.163,2,3,2pdd,WT,A,298,,,,1.81,0.593326845,Two,6.0,41.0,,4.447058823529412,43,10.341997264021888,4.634728988229636,4.02535169073515,3.4339872044851463,0.3154486616844593,0.3023378817998996,0.17856484052151694,0.0031746031746031746
385,2pdd_chain_A_frag_41_frame_30,103,56,31,0.542,0.295,0.163,3,4,2pdd,WT,A,298,,,,1.03,0.029558802,Two,7.0,39.0,,4.447058823529412,43,10.341997264021888,4.634728988229636,4.02535169073515,3.4339872044851463,0.3154486616844593,0.3023378817998996,0.17856484052151694,0.0031746031746031746
386,2pdd_chain_A_frag_41_frame_31,52,86,15,0.34,0.562,0.098,1,2,2pdd,WT,A,298,,,,2.19,0.783901544,Two,3.0,43.0,,4.332533333333333,42,10.315555555555555,3.9512437185814275,4.454347296253507,2.70805020110221,0.16610668604900913,0.4945273927904761,0.08997098591596338,0.0031746031746031746
387,2pdd_chain_A_frag_41_frame_31,52,86,15,0.34,0.562,0.098,2,3,2pdd,WT,A,298,,,,1.81,0.593326845,Two,6.0,41.0,,4.332533333333333,42,10.315555555555555,3.9512437185814275,4.454347296253507,2.70805020110221,0.16610668604900913,0.4945273927904761,0.08997098591596338,0.0031746031746031746
388,2pdd_chain_A_frag_41_frame_31,52,86,15,0.34,0.562,0.098,3,4,2pdd,WT,A,298,,,,1.03,0.029558802,Two,7.0,39.0,,4.332533333333333,42,10.315555555555555,3.9512437185814275,4.454347296253507,2.70805020110221,0.16610668604900913,0.4945273927904761,0.08997098591596338,0.0031746031746031746
389,2pdd_chain_A_frag_41_frame_32,88,85,37,0.419,0.405,0.176,1,2,2pdd,WT,A,298,,,,2.19,0.783901544,Two,3.0,43.0,,4.5294424179260036,43,10.533587018432566,4.477336814478207,4.442651256490317,3.6109179126442243,0.26950953619643125,0.45890571344627623,0.21312577739664926,0.0031746031746031746
390,2pdd_chain_A_frag_41_frame_32,88,85,37,0.419,0.405,0.176,2,3,2pdd,WT,A,298,,,,1.81,0.593326845,Two,6.0,41.0,,4.5294424179260036,43,10.533587018432566,4.477336814478207,4.442651256490317,3.6109179126442243,0.26950953619643125,0.45890571344627623,0.21312577739664926,0.0031746031746031746
391,2pdd_chain_A_frag_41_frame_32,88,85,37,0.419,0.405,0.176,3,4,2pdd,WT,A,298,,,,1.03,0.029558802,Two,7.0,39.0,,4.5294424179260036,43,10.533587018432566,4.477336814478207,4.442651256490317,3.6109179126442243,0.26950953619643125,0.45890571344627623,0.21312577739664926,0.0031746031746031746
392,2pdd_chain_A_frag_41_frame_33,66,108,36,0.314,0.514,0.171,1,2,2pdd,WT,A,298,,,,2.19,0.783901544,Two,3.0,43.0,,4.684156902699949,43,10.893388145813836,4.189654742026425,4.68213122712422,3.58351893845611,0.20213215214732344,0.5830802006140922,0.20736562125079389,0.0031746031746031746
393,2pdd_chain_A_frag_41_frame_33,66,108,36,0.314,0.514,0.171,2,3,2pdd,WT,A,298,,,,1.81,0.593326845,Two,6.0,41.0,,4.684156902699949,43,10.893388145813836,4.189654742026425,4.68213122712422,3.58351893845611,0.20213215214732344,0.5830802006140922,0.20736562125079389,0.0031746031746031746
394,2pdd_chain_A_frag_41_frame_33,66,108,36,0.314,0.514,0.171,3,4,2pdd,WT,A,298,,,,1.03,0.029558802,Two,7.0,39.0,,4.684156902699949,43,10.893388145813836,4.189654742026425,4.68213122712422,3.58351893845611,0.20213215214732344,0.5830802006140922,0.20736562125079389,0.0031746031746031746
395,2pdd_chain_A_frag_41_frame_34,79,85,46,0.376,0.405,0.219,1,2,2pdd,WT,A,298,,,,2.19,0.783901544,Two,3.0,43.0,,4.550514376154049,43,10.582591572451276,4.3694478524670215,4.442651256490317,3.828641396489095,0.2419460609036144,0.45890571344627623,0.2649671827093477,0.0031746031746031746
396,2pdd_chain_A_frag_41_frame_34,79,85,46,0.376,0.405,0.219,2,3,2pdd,WT,A,298,,,,1.81,0.593326845,Two,6.0,41.0,,4.550514376154049,43,10.582591572451276,4.3694478524670215,4.442651256490317,3.828641396489095,0.2419460609036144,0.45890571344627623,0.2649671827093477,0.0031746031746031746
397,2pdd_chain_A_frag_41_frame_34,79,85,46,0.376,0.405,0.219,3,4,2pdd,WT,A,298,,,,1.03,0.029558802,Two,7.0,39.0,,4.550514376154049,43,10.582591572451276,4.3694478524670215,4.442651256490317,3.828641396489095,0.2419460609036144,0.45890571344627623,0.2649671827093477,0.0031746031746031746
398,2pdd_chain_A_frag_41_frame_35,79,67,25,0.462,0.392,0.146,1,2,2pdd,WT,A,298,,,,2.19,0.783901544,Two,3.0,43.0,,4.858889454915945,43,11.299742918409175,4.3694478524670215,4.204692619390966,3.2188758248682006,0.2419460609036144,0.3617256800105942,0.14400390364638463,0.0031746031746031746
399,2pdd_chain_A_frag_41_frame_35,79,67,25,0.462,0.392,0.146,2,3,2pdd,WT,A,298,,,,1.81,0.593326845,Two,6.0,41.0,,4.858889454915945,43,11.299742918409175,4.3694478524670215,4.204692619390966,3.2188758248682006,0.2419460609036144,0.3617256800105942,0.14400390364638463,0.0031746031746031746
400,2pdd_chain_A_frag_41_frame_35,79,67,25,0.462,0.392,0.146,3,4,2pdd,WT,A,298,,,,1.03,0.029558802,Two,7.0,39.0,,4.858889454915945,43,11.299742918409175,4.3694478524670215,4.204692619390966,3.2188758248682006,0.2419460609036144,0.3617256800105942,0.14400390364638463,0.0031746031746031746
401,2pdd_chain_A_frag_41_frame_4,71,92,27,0.374,0.484,0.142,1,2,2pdd,WT,A,298,,,,2.19,0.783901544,Two,3.0,43.0,,4.327920377160817,43,10.06493110967632,4.2626798770413155,4.5217885770490405,3.295836866004329,0.21744519397666612,0.49669794867126366,0.1555242159380954,0.0031746031746031746
402,2pdd_chain_A_frag_41_frame_4,71,92,27,0.374,0.484,0.142,2,3,2pdd,WT,A,298,,,,1.81,0.593326845,Two,6.0,41.0,,4.327920377160817,43,10.06493110967632,4.2626798770413155,4.5217885770490405,3.295836866004329,0.21744519397666612,0.49669794867126366,0.1555242159380954,0.0031746031746031746
403,2pdd_chain_A_frag_41_frame_4,71,92,27,0.374,0.484,0.142,3,4,2pdd,WT,A,298,,,,1.03,0.029558802,Two,7.0,39.0,,4.327920377160817,43,10.06493110967632,4.2626798770413155,4.5217885770490405,3.295836866004329,0.21744519397666612,0.49669794867126366,0.1555242159380954,0.0031746031746031746
404,2pdd_chain_A_frag_41_frame_5,95,93,43,0.411,0.403,0.186,1,2,2pdd,WT,A,298,,,,2.19,0.783901544,Two,3.0,43.0,,4.552631578947368,43,10.5875152998776,4.553876891600541,4.532599493153256,3.7612001156935624,0.290947794757511,0.5020968394176905,0.24768671427178157,0.0031746031746031746
405,2pdd_chain_A_frag_41_frame_5,95,93,43,0.411,0.403,0.186,2,3,2pdd,WT,A,298,,,,1.81,0.593326845,Two,6.0,41.0,,4.552631578947368,43,10.5875152998776,4.553876891600541,4.532599493153256,3.7612001156935624,0.290947794757511,0.5020968394176905,0.24768671427178157,0.0031746031746031746
406,2pdd_chain_A_frag_41_frame_5,95,93,43,0.411,0.403,0.186,3,4,2pdd,WT,A,298,,,,1.03,0.029558802,Two,7.0,39.0,,4.552631578947368,43,10.5875152998776,4.553876891600541,4.532599493153256,3.7612001156935624,0.290947794757511,0.5020968394176905,0.24768671427178157,0.0031746031746031746
407,2pdd_chain_A_frag_41_frame_6,80,63,28,0.468,0.368,0.164,1,2,2pdd,WT,A,298,,,,2.19,0.783901544,Two,3.0,43.0,,4.81633172220809,43,11.200771446995557,4.382026634673881,4.143134726391533,3.332204510175204,0.24500866926948295,0.3401301170248871,0.1612843720839508,0.0031746031746031746
408,2pdd_chain_A_frag_41_frame_6,80,63,28,0.468,0.368,0.164,2,3,2pdd,WT,A,298,,,,1.81,0.593326845,Two,6.0,41.0,,4.81633172220809,43,11.200771446995557,4.382026634673881,4.143134726391533,3.332204510175204,0.24500866926948295,0.3401301170248871,0.1612843720839508,0.0031746031746031746
409,2pdd_chain_A_frag_41_frame_6,80,63,28,0.468,0.368,0.164,3,4,2pdd,WT,A,298,,,,1.03,0.029558802,Two,7.0,39.0,,4.81633172220809,43,11.200771446995557,4.382026634673881,4.143134726391533,3.332204510175204,0.24500866926948295,0.3401301170248871,0.1612843720839508,0.0031746031746031746
410,2pdd_chain_A_frag_41_frame_7,83,162,55,0.277,0.54,0.183,1,2,2pdd,WT,A,298,,,,2.19,0.783901544,Two,3.0,43.0,,4.805156172533466,43,11.174781796589455,4.418840607796598,5.087596335232384,4.007333185232471,0.2541964943670886,0.8746203009211382,0.3168085880220462,0.0031746031746031746
411,2pdd_chain_A_frag_41_frame_7,83,162,55,0.277,0.54,0.183,2,3,2pdd,WT,A,298,,,,1.81,0.593326845,Two,6.0,41.0,,4.805156172533466,43,11.174781796589455,4.418840607796598,5.087596335232384,4.007333185232471,0.2541964943670886,0.8746203009211382,0.3168085880220462,0.0031746031746031746
412,2pdd_chain_A_frag_41_frame_7,83,162,55,0.277,0.54,0.183,3,4,2pdd,WT,A,298,,,,1.03,0.029558802,Two,7.0,39.0,,4.805156172533466,43,11.174781796589455,4.418840607796598,5.087596335232384,4.007333185232471,0.2541964943670886,0.8746203009211382,0.3168085880220462,0.0031746031746031746
413,2pdd_chain_A_frag_41_frame_8,92,82,36,0.438,0.39,0.171,1,2,2pdd,WT,A,298,,,,2.19,0.783901544,Two,3.0,43.0,,4.2448707700506265,43,9.87179248848983,4.5217885770490405,4.406719247264253,3.58351893845611,0.2817599696599054,0.4427090412069959,0.20736562125079389,0.0031746031746031746
414,2pdd_chain_A_frag_41_frame_8,92,82,36,0.438,0.39,0.171,2,3,2pdd,WT,A,298,,,,1.81,0.593326845,Two,6.0,41.0,,4.2448707700506265,43,9.87179248848983,4.5217885770490405,4.406719247264253,3.58351893845611,0.2817599696599054,0.4427090412069959,0.20736562125079389,0.0031746031746031746
415,2pdd_chain_A_frag_41_frame_8,92,82,36,0.438,0.39,0.171,3,4,2pdd,WT,A,298,,,,1.03,0.029558802,Two,7.0,39.0,,4.2448707700506265,43,9.87179248848983,4.5217885770490405,4.406719247264253,3.58351893845611,0.2817599696599054,0.4427090412069959,0.20736562125079389,0.0031746031746031746
416,2pdd_chain_A_frag_41_frame_9,91,106,34,0.394,0.459,0.147,1,2,2pdd,WT,A,298,,,,2.19,0.783901544,Two,3.0,43.0,,4.383128754243928,43,10.193322684288205,4.51085950651685,4.663439094112067,3.5263605246161616,0.2786973612940368,0.5722824191212386,0.19584530895908311,0.0031746031746031746
417,2pdd_chain_A_frag_41_frame_9,91,106,34,0.394,0.459,0.147,2,3,2pdd,WT,A,298,,,,1.81,0.593326845,Two,6.0,41.0,,4.383128754243928,43,10.193322684288205,4.51085950651685,4.663439094112067,3.5263605246161616,0.2786973612940368,0.5722824191212386,0.19584530895908311,0.0031746031746031746
418,2pdd_chain_A_frag_41_frame_9,91,106,34,0.394,0.459,0.147,3,4,2pdd,WT,A,298,,,,1.03,0.029558802,Two,7.0,39.0,,4.383128754243928,43,10.193322684288205,4.51085950651685,4.663439094112067,3.5263605246161616,0.2786973612940368,0.5722824191212386,0.19584530895908311,0.0031746031746031746
419,2pdd_chain_A_frag_43_frame_1,89,107,35,0.385,0.463,0.152,1,2,2pdd,WT,A,298,,,,2.19,0.783901544,Two,3.0,43.0,,4.831530139103555,43,11.236116602566408,4.48863636973214,4.672828834461906,3.5553480614894135,0.2725721445622998,0.5776813098676654,0.20160546510493849,0.0031746031746031746
420,2pdd_chain_A_frag_43_frame_1,89,107,35,0.385,0.463,0.152,2,3,2pdd,WT,A,298,,,,1.81,0.593326845,Two,6.0,41.0,,4.831530139103555,43,11.236116602566408,4.48863636973214,4.672828834461906,3.5553480614894135,0.2725721445622998,0.5776813098676654,0.20160546510493849,0.0031746031746031746
421,2pdd_chain_A_frag_43_frame_1,89,107,35,0.385,0.463,0.152,3,4,2pdd,WT,A,298,,,,1.03,0.029558802,Two,7.0,39.0,,4.831530139103555,43,11.236116602566408,4.48863636973214,4.672828834461906,3.5553480614894135,0.2725721445622998,0.5776813098676654,0.20160546510493849,0.0031746031746031746
422,2pdd_chain_A_frag_43_frame_10,70,70,31,0.409,0.409,0.181,1,2,2pdd,WT,A,298,,,,2.19,0.783901544,Two,3.0,43.0,,4.815989847715736,43,11.199976390036595,4.248495242049359,4.248495242049359,3.4339872044851463,0.21438258561079757,0.3779223522498745,0.17856484052151694,0.0031746031746031746
423,2pdd_chain_A_frag_43_frame_10,70,70,31,0.409,0.409,0.181,2,3,2pdd,WT,A,298,,,,1.81,0.593326845,Two,6.0,41.0,,4.815989847715736,43,11.199976390036595,4.248495242049359,4.248495242049359,3.4339872044851463,0.21438258561079757,0.3779223522498745,0.17856484052151694,0.0031746031746031746
424,2pdd_chain_A_frag_43_frame_10,70,70,31,0.409,0.409,0.181,3,4,2pdd,WT,A,298,,,,1.03,0.029558802,Two,7.0,39.0,,4.815989847715736,43,11.199976390036595,4.248495242049359,4.248495242049359,3.4339872044851463,0.21438258561079757,0.3779223522498745,0.17856484052151694,0.0031746031746031746
425,2pdd_chain_A_frag_43_frame_11,76,103,31,0.362,0.49,0.148,1,2,2pdd,WT,A,298,,,,2.19,0.783901544,Two,3.0,43.0,,4.5311681508643264,43,10.53760035084727,4.330733340286331,4.634728988229636,3.4339872044851463,0.2327582358060088,0.5560857468819582,0.17856484052151694,0.0031746031746031746
426,2pdd_chain_A_frag_43_frame_11,76,103,31,0.362,0.49,0.148,2,3,2pdd,WT,A,298,,,,1.81,0.593326845,Two,6.0,41.0,,4.5311681508643264,43,10.53760035084727,4.330733340286331,4.634728988229636,3.4339872044851463,0.2327582358060088,0.5560857468819582,0.17856484052151694,0.0031746031746031746
427,2pdd_chain_A_frag_43_frame_11,76,103,31,0.362,0.49,0.148,3,4,2pdd,WT,A,298,,,,1.03,0.029558802,Two,7.0,39.0,,4.5311681508643264,43,10.53760035084727,4.330733340286331,4.634728988229636,3.4339872044851463,0.2327582358060088,0.5560857468819582,0.17856484052151694,0.0031746031746031746
428,2pdd_chain_A_frag_43_frame_12,58,73,22,0.379,0.477,0.144,1,2,2pdd,WT,A,298,,,,2.19,0.783901544,Two,3.0,43.0,,4.437100213219616,43,10.318837705161899,4.060443010546419,4.290459441148391,3.091042453358316,0.17763128522037513,0.39411902448915487,0.12672343520881849,0.0031746031746031746
429,2pdd_chain_A_frag_43_frame_12,58,73,22,0.379,0.477,0.144,2,3,2pdd,WT,A,298,,,,1.81,0.593326845,Two,6.0,41.0,,4.437100213219616,43,10.318837705161899,4.060443010546419,4.290459441148391,3.091042453358316,0.17763128522037513,0.39411902448915487,0.12672343520881849,0.0031746031746031746
430,2pdd_chain_A_frag_43_frame_12,58,73,22,0.379,0.477,0.144,3,4,2pdd,WT,A,298,,,,1.03,0.029558802,Two,7.0,39.0,,4.437100213219616,43,10.318837705161899,4.060443010546419,4.290459441148391,3.091042453358316,0.17763128522037513,0.39411902448915487,0.12672343520881849,0.0031746031746031746
431,2pdd_chain_A_frag_43_frame_13,59,68,26,0.386,0.444,0.17,1,2,2pdd,WT,A,298,,,,2.19,0.783901544,Two,3.0,43.0,,4.6244623655913975,42,11.010624679979518,4.07753744390572,4.219507705176107,3.258096538021482,0.18846720147868345,0.39102165941572525,0.1559497089210032,0.0031746031746031746
432,2pdd_chain_A_frag_43_frame_13,59,68,26,0.386,0.444,0.17,2,3,2pdd,WT,A,298,,,,1.81,0.593326845,Two,6.0,41.0,,4.6244623655913975,42,11.010624679979518,4.07753744390572,4.219507705176107,3.258096538021482,0.18846720147868345,0.39102165941572525,0.1559497089210032,0.0031746031746031746
433,2pdd_chain_A_frag_43_frame_13,59,68,26,0.386,0.444,0.17,3,4,2pdd,WT,A,298,,,,1.03,0.029558802,Two,7.0,39.0,,4.6244623655913975,42,11.010624679979518,4.07753744390572,4.219507705176107,3.258096538021482,0.18846720147868345,0.39102165941572525,0.1559497089210032,0.0031746031746031746
434,2pdd_chain_A_frag_43_frame_14,52,95,24,0.304,0.556,0.14,1,2,2pdd,WT,A,298,,,,2.19,0.783901544,Two,3.0,43.0,,4.3759873617693525,42,10.419017528022268,3.9512437185814275,4.553876891600541,3.1780538303479458,0.16610668604900913,0.5462802594778515,0.1439535774655414,0.0031746031746031746
435,2pdd_chain_A_frag_43_frame_14,52,95,24,0.304,0.556,0.14,2,3,2pdd,WT,A,298,,,,1.81,0.593326845,Two,6.0,41.0,,4.3759873617693525,42,10.419017528022268,3.9512437185814275,4.553876891600541,3.1780538303479458,0.16610668604900913,0.5462802594778515,0.1439535774655414,0.0031746031746031746
436,2pdd_chain_A_frag_43_frame_14,52,95,24,0.304,0.556,0.14,3,4,2pdd,WT,A,298,,,,1.03,0.029558802,Two,7.0,39.0,,4.3759873617693525,42,10.419017528022268,3.9512437185814275,4.553876891600541,3.1780538303479458,0.16610668604900913,0.5462802594778515,0.1439535774655414,0.0031746031746031746
437,2pdd_chain_A_frag_43_frame_15,104,137,59,0.347,0.457,0.197,1,2,2pdd,WT,A,298,,,,2.19,0.783901544,Two,3.0,43.0,,4.628601361969618,42,11.020479433260995,4.6443908991413725,4.919980925828125,4.07753744390572,0.33221337209801827,0.78779363735227,0.35388587793612264,0.0031746031746031746
438,2pdd_chain_A_frag_43_frame_15,104,137,59,0.347,0.457,0.197,2,3,2pdd,WT,A,298,,,,1.81,0.593326845,Two,6.0,41.0,,4.628601361969618,42,11.020479433260995,4.6443908991413725,4.919980925828125,4.07753744390572,0.33221337209801827,0.78779363735227,0.35388587793612264,0.0031746031746031746
439,2pdd_chain_A_frag_43_frame_15,104,137,59,0.347,0.457,0.197,3,4,2pdd,WT,A,298,,,,1.03,0.029558802,Two,7.0,39.0,,4.628601361969618,42,11.020479433260995,4.6443908991413725,4.919980925828125,4.07753744390572,0.33221337209801827,0.78779363735227,0.35388587793612264,0.0031746031746031746
440,2pdd_chain_A_frag_43_frame_16,105,90,58,0.415,0.356,0.229,1,2,2pdd,WT,A,298,,,,2.19,0.783901544,Two,3.0,43.0,,4.824933687002653,42,11.487937350006316,4.653960350157523,4.499809670330265,4.060443010546419,0.3354077314451146,0.5175286668737541,0.34788781220839177,0.0031746031746031746
441,2pdd_chain_A_frag_43_frame_16,105,90,58,0.415,0.356,0.229,2,3,2pdd,WT,A,298,,,,1.81,0.593326845,Two,6.0,41.0,,4.824933687002653,42,11.487937350006316,4.653960350157523,4.499809670330265,4.060443010546419,0.3354077314451146,0.5175286668737541,0.34788781220839177,0.0031746031746031746
442,2pdd_chain_A_frag_43_frame_16,105,90,58,0.415,0.356,0.229,3,4,2pdd,WT,A,298,,,,1.03,0.029558802,Two,7.0,39.0,,4.824933687002653,42,11.487937350006316,4.653960350157523,4.499809670330265,4.060443010546419,0.3354077314451146,0.5175286668737541,0.34788781220839177,0.0031746031746031746
443,2pdd_chain_A_frag_43_frame_17,67,107,36,0.319,0.51,0.171,1,2,2pdd,WT,A,298,,,,2.19,0.783901544,Two,3.0,43.0,,4.226244343891403,42,10.062486533074768,4.204692619390966,4.672828834461906,3.58351893845611,0.21402207625545408,0.6152840817276853,0.21593036619831213,0.0031746031746031746
444,2pdd_chain_A_frag_43_frame_17,67,107,36,0.319,0.51,0.171,2,3,2pdd,WT,A,298,,,,1.81,0.593326845,Two,6.0,41.0,,4.226244343891403,42,10.062486533074768,4.204692619390966,4.672828834461906,3.58351893845611,0.21402207625545408,0.6152840817276853,0.21593036619831213,0.0031746031746031746
445,2pdd_chain_A_frag_43_frame_17,67,107,36,0.319,0.51,0.171,3,4,2pdd,WT,A,298,,,,1.03,0.029558802,Two,7.0,39.0,,4.226244343891403,42,10.062486533074768,4.204692619390966,4.672828834461906,3.58351893845611,0.21402207625545408,0.6152840817276853,0.21593036619831213,0.0031746031746031746
446,2pdd_chain_A_frag_43_frame_18,61,92,18,0.357,0.538,0.105,1,2,2pdd,WT,A,298,,,,2.19,0.783901544,Two,3.0,43.0,,4.418875927889713,42,10.521133161642176,4.110873864173311,4.5217885770490405,2.8903717578961645,0.1948559201728761,0.529029303915393,0.10796518309915606,0.0031746031746031746
447,2pdd_chain_A_frag_43_frame_18,61,92,18,0.357,0.538,0.105,2,3,2pdd,WT,A,298,,,,1.81,0.593326845,Two,6.0,41.0,,4.418875927889713,42,10.521133161642176,4.110873864173311,4.5217885770490405,2.8903717578961645,0.1948559201728761,0.529029303915393,0.10796518309915606,0.0031746031746031746
448,2pdd_chain_A_frag_43_frame_18,61,92,18,0.357,0.538,0.105,3,4,2pdd,WT,A,298,,,,1.03,0.029558802,Two,7.0,39.0,,4.418875927889713,42,10.521133161642176,4.110873864173311,4.5217885770490405,2.8903717578961645,0.1948559201728761,0.529029303915393,0.10796518309915606,0.0031746031746031746
449,2pdd_chain_A_frag_43_frame_19,54,71,28,0.353,0.464,0.183,1,2,2pdd,WT,A,298,,,,2.19,0.783901544,Two,3.0,43.0,,4.5501609442060085,42,10.83371653382383,3.9889840465642745,4.2626798770413155,3.332204510175204,0.1724954047432018,0.40827261497818373,0.16794584037646498,0.0031746031746031746
450,2pdd_chain_A_frag_43_frame_19,54,71,28,0.353,0.464,0.183,2,3,2pdd,WT,A,298,,,,1.81,0.593326845,Two,6.0,41.0,,4.5501609442060085,42,10.83371653382383,3.9889840465642745,4.2626798770413155,3.332204510175204,0.1724954047432018,0.40827261497818373,0.16794584037646498,0.0031746031746031746
451,2pdd_chain_A_frag_43_frame_19,54,71,28,0.353,0.464,0.183,3,4,2pdd,WT,A,298,,,,1.03,0.029558802,Two,7.0,39.0,,4.5501609442060085,42,10.83371653382383,3.9889840465642745,4.2626798770413155,3.332204510175204,0.1724954047432018,0.40827261497818373,0.16794584037646498,0.0031746031746031746
452,2pdd_chain_A_frag_43_frame_2,65,103,42,0.31,0.49,0.2,1,2,2pdd,WT,A,298,,,,2.19,0.783901544,Two,3.0,43.0,,4.651115098692643,43,10.81654674114568,4.174387269895637,4.634728988229636,3.7376696182833684,0.1990695437814549,0.5560857468819582,0.2419265581259262,0.0031746031746031746
453,2pdd_chain_A_frag_43_frame_2,65,103,42,0.31,0.49,0.2,2,3,2pdd,WT,A,298,,,,1.81,0.593326845,Two,6.0,41.0,,4.651115098692643,43,10.81654674114568,4.174387269895637,4.634728988229636,3.7376696182833684,0.1990695437814549,0.5560857468819582,0.2419265581259262,0.0031746031746031746
454,2pdd_chain_A_frag_43_frame_2,65,103,42,0.31,0.49,0.2,3,4,2pdd,WT,A,298,,,,1.03,0.029558802,Two,7.0,39.0,,4.651115098692643,43,10.81654674114568,4.174387269895637,4.634728988229636,3.7376696182833684,0.1990695437814549,0.5560857468819582,0.2419265581259262,0.0031746031746031746
455,2pdd_chain_A_frag_43_frame_20,70,106,34,0.333,0.505,0.162,1,2,2pdd,WT,A,298,,,,2.19,0.783901544,Two,3.0,43.0,,4.521419185282523,43,10.514928337866333,4.248495242049359,4.663439094112067,3.5263605246161616,0.21438258561079757,0.5722824191212386,0.19584530895908311,0.0031746031746031746
456,2pdd_chain_A_frag_43_frame_20,70,106,34,0.333,0.505,0.162,2,3,2pdd,WT,A,298,,,,1.81,0.593326845,Two,6.0,41.0,,4.521419185282523,43,10.514928337866333,4.248495242049359,4.663439094112067,3.5263605246161616,0.21438258561079757,0.5722824191212386,0.19584530895908311,0.0031746031746031746
457,2pdd_chain_A_frag_43_frame_20,70,106,34,0.333,0.505,0.162,3,4,2pdd,WT,A,298,,,,1.03,0.029558802,Two,7.0,39.0,,4.521419185282523,43,10.514928337866333,4.248495242049359,4.663439094112067,3.5263605246161616,0.21438258561079757,0.5722824191212386,0.19584530895908311,0.0031746031746031746
458,2pdd_chain_A_frag_43_frame_21,109,141,50,0.363,0.47,0.167,1,2,2pdd,WT,A,298,,,,2.19,0.783901544,Two,3.0,43.0,,4.621791513881614,42,11.004265509241936,4.6913478822291435,4.948759890378168,3.912023005428146,0.3481851688334999,0.810794911435548,0.2999032863865446,0.0031746031746031746
459,2pdd_chain_A_frag_43_frame_21,109,141,50,0.363,0.47,0.167,2,3,2pdd,WT,A,298,,,,1.81,0.593326845,Two,6.0,41.0,,4.621791513881614,42,11.004265509241936,4.6913478822291435,4.948759890378168,3.912023005428146,0.3481851688334999,0.810794911435548,0.2999032863865446,0.0031746031746031746
460,2pdd_chain_A_frag_43_frame_21,109,141,50,0.363,0.47,0.167,3,4,2pdd,WT,A,298,,,,1.03,0.029558802,Two,7.0,39.0,,4.621791513881614,42,11.004265509241936,4.6913478822291435,4.948759890378168,3.912023005428146,0.3481851688334999,0.810794911435548,0.2999032863865446,0.0031746031746031746
461,2pdd_chain_A_frag_43_frame_22,59,78,34,0.345,0.456,0.199,1,2,2pdd,WT,A,298,,,,2.19,0.783901544,Two,3.0,43.0,,4.622873593300183,42,11.00684188880996,4.07753744390572,4.356708826689592,3.5263605246161616,0.18846720147868345,0.44852484462392017,0.20393423474285033,0.0031746031746031746
462,2pdd_chain_A_frag_43_frame_22,59,78,34,0.345,0.456,0.199,2,3,2pdd,WT,A,298,,,,1.81,0.593326845,Two,6.0,41.0,,4.622873593300183,42,11.00684188880996,4.07753744390572,4.356708826689592,3.5263605246161616,0.18846720147868345,0.44852484462392017,0.20393423474285033,0.0031746031746031746
463,2pdd_chain_A_frag_43_frame_22,59,78,34,0.345,0.456,0.199,3,4,2pdd,WT,A,298,,,,1.03,0.029558802,Two,7.0,39.0,,4.622873593300183,42,11.00684188880996,4.07753744390572,4.356708826689592,3.5263605246161616,0.18846720147868345,0.44852484462392017,0.20393423474285033,0.0031746031746031746
464,2pdd_chain_A_frag_43_frame_23,95,137,68,0.317,0.457,0.227,1,2,2pdd,WT,A,298,,,,2.19,0.783901544,Two,3.0,43.0,,4.604558706599523,42,10.963235015713149,4.553876891600541,4.919980925828125,4.219507705176107,0.3034641379741513,0.78779363735227,0.40786846948570066,0.0031746031746031746
465,2pdd_chain_A_frag_43_frame_23,95,137,68,0.317,0.457,0.227,2,3,2pdd,WT,A,298,,,,1.81,0.593326845,Two,6.0,41.0,,4.604558706599523,42,10.963235015713149,4.553876891600541,4.919980925828125,4.219507705176107,0.3034641379741513,0.78779363735227,0.40786846948570066,0.0031746031746031746
466,2pdd_chain_A_frag_43_frame_23,95,137,68,0.317,0.457,0.227,3,4,2pdd,WT,A,298,,,,1.03,0.029558802,Two,7.0,39.0,,4.604558706599523,42,10.963235015713149,4.553876891600541,4.919980925828125,4.219507705176107,0.3034641379741513,0.78779363735227,0.40786846948570066,0.0031746031746031746
467,2pdd_chain_A_frag_43_frame_24,117,110,49,0.424,0.399,0.178,1,2,2pdd,WT,A,298,,,,2.19,0.783901544,Two,3.0,43.0,,4.785374868004224,42,11.393749685724343,4.762173934797756,4.700480365792417,3.8918202981106265,0.3737400436102706,0.6325350372901438,0.2939052206588137,0.0031746031746031746
468,2pdd_chain_A_frag_43_frame_24,117,110,49,0.424,0.399,0.178,2,3,2pdd,WT,A,298,,,,1.81,0.593326845,Two,6.0,41.0,,4.785374868004224,42,11.393749685724343,4.762173934797756,4.700480365792417,3.8918202981106265,0.3737400436102706,0.6325350372901438,0.2939052206588137,0.0031746031746031746
469,2pdd_chain_A_frag_43_frame_24,117,110,49,0.424,0.399,0.178,3,4,2pdd,WT,A,298,,,,1.03,0.029558802,Two,7.0,39.0,,4.785374868004224,42,11.393749685724343,4.762173934797756,4.700480365792417,3.8918202981106265,0.3737400436102706,0.6325350372901438,0.2939052206588137,0.0031746031746031746
470,2pdd_chain_A_frag_43_frame_25,93,148,59,0.31,0.493,0.197,1,2,2pdd,WT,A,298,,,,2.19,0.783901544,Two,3.0,43.0,,4.850947158524427,42,11.549874186962922,4.532599493153256,4.997212273764115,4.07753744390572,0.2970754192799587,0.8510471410812844,0.35388587793612264,0.0031746031746031746
471,2pdd_chain_A_frag_43_frame_25,93,148,59,0.31,0.493,0.197,2,3,2pdd,WT,A,298,,,,1.81,0.593326845,Two,6.0,41.0,,4.850947158524427,42,11.549874186962922,4.532599493153256,4.997212273764115,4.07753744390572,0.2970754192799587,0.8510471410812844,0.35388587793612264,0.0031746031746031746
472,2pdd_chain_A_frag_43_frame_25,93,148,59,0.31,0.493,0.197,3,4,2pdd,WT,A,298,,,,1.03,0.029558802,Two,7.0,39.0,,4.850947158524427,42,11.549874186962922,4.532599493153256,4.997212273764115,4.07753744390572,0.2970754192799587,0.8510471410812844,0.35388587793612264,0.0031746031746031746
473,2pdd_chain_A_frag_43_frame_26,84,124,45,0.332,0.49,0.178,1,2,2pdd,WT,A,298,,,,2.19,0.783901544,Two,3.0,43.0,,4.414224826851359,42,10.510059111550854,4.430816798843313,4.820281565605037,3.8066624897703196,0.2683261851560917,0.7130394965816167,0.26991295774789015,0.0031746031746031746
474,2pdd_chain_A_frag_43_frame_26,84,124,45,0.332,0.49,0.178,2,3,2pdd,WT,A,298,,,,1.81,0.593326845,Two,6.0,41.0,,4.414224826851359,42,10.510059111550854,4.430816798843313,4.820281565605037,3.8066624897703196,0.2683261851560917,0.7130394965816167,0.26991295774789015,0.0031746031746031746
475,2pdd_chain_A_frag_43_frame_26,84,124,45,0.332,0.49,0.178,3,4,2pdd,WT,A,298,,,,1.03,0.029558802,Two,7.0,39.0,,4.414224826851359,42,10.510059111550854,4.430816798843313,4.820281565605037,3.8066624897703196,0.2683261851560917,0.7130394965816167,0.26991295774789015,0.0031746031746031746
476,2pdd_chain_A_frag_43_frame_27,91,138,47,0.33,0.5,0.17,1,2,2pdd,WT,A,298,,,,2.19,0.783901544,Two,3.0,43.0,,4.4259994704792165,42,10.538093977331469,4.51085950651685,4.927253685157205,3.8501476017100584,0.290686700585766,0.7935439558730896,0.28190908920335195,0.0031746031746031746
477,2pdd_chain_A_frag_43_frame_27,91,138,47,0.33,0.5,0.17,2,3,2pdd,WT,A,298,,,,1.81,0.593326845,Two,6.0,41.0,,4.4259994704792165,42,10.538093977331469,4.51085950651685,4.927253685157205,3.8501476017100584,0.290686700585766,0.7935439558730896,0.28190908920335195,0.0031746031746031746
478,2pdd_chain_A_frag_43_frame_27,91,138,47,0.33,0.5,0.17,3,4,2pdd,WT,A,298,,,,1.03,0.029558802,Two,7.0,39.0,,4.4259994704792165,42,10.538093977331469,4.51085950651685,4.927253685157205,3.8501476017100584,0.290686700585766,0.7935439558730896,0.28190908920335195,0.0031746031746031746
479,2pdd_chain_A_frag_43_frame_28,90,67,33,0.474,0.353,0.174,1,2,2pdd,WT,A,298,,,,2.19,0.783901544,Two,3.0,43.0,,4.274076072295657,42,10.176371600703945,4.499809670330265,4.204692619390966,3.4965075614664802,0.2874923412386697,0.3852713408949058,0.19793616901511946,0.0031746031746031746
480,2pdd_chain_A_frag_43_frame_28,90,67,33,0.474,0.353,0.174,2,3,2pdd,WT,A,298,,,,1.81,0.593326845,Two,6.0,41.0,,4.274076072295657,42,10.176371600703945,4.499809670330265,4.204692619390966,3.4965075614664802,0.2874923412386697,0.3852713408949058,0.19793616901511946,0.0031746031746031746
481,2pdd_chain_A_frag_43_frame_28,90,67,33,0.474,0.353,0.174,3,4,2pdd,WT,A,298,,,,1.03,0.029558802,Two,7.0,39.0,,4.274076072295657,42,10.176371600703945,4.499809670330265,4.204692619390966,3.4965075614664802,0.2874923412386697,0.3852713408949058,0.19793616901511946,0.0031746031746031746
482,2pdd_chain_A_frag_43_frame_29,76,67,28,0.444,0.392,0.164,1,2,2pdd,WT,A,298,,,,2.19,0.783901544,Two,3.0,43.0,,4.589410848689333,42,10.927168687355556,4.330733340286331,4.204692619390966,3.332204510175204,0.24277131037932104,0.3852713408949058,0.16794584037646498,0.0031746031746031746
483,2pdd_chain_A_frag_43_frame_29,76,67,28,0.444,0.392,0.164,2,3,2pdd,WT,A,298,,,,1.81,0.593326845,Two,6.0,41.0,,4.589410848689333,42,10.927168687355556,4.330733340286331,4.204692619390966,3.332204510175204,0.24277131037932104,0.3852713408949058,0.16794584037646498,0.0031746031746031746
484,2pdd_chain_A_frag_43_frame_29,76,67,28,0.444,0.392,0.164,3,4,2pdd,WT,A,298,,,,1.03,0.029558802,Two,7.0,39.0,,4.589410848689333,42,10.927168687355556,4.330733340286331,4.204692619390966,3.332204510175204,0.24277131037932104,0.3852713408949058,0.16794584037646498,0.0031746031746031746
485,2pdd_chain_A_frag_43_frame_3,110,181,60,0.313,0.516,0.171,1,2,2pdd,WT,A,298,,,,2.19,0.783901544,Two,3.0,43.0,,4.308353808353808,43,10.019427461287925,4.700480365792417,5.198497031265826,4.0943445622221,0.33688692024553907,0.977199225103247,0.34560936875132314,0.0031746031746031746
486,2pdd_chain_A_frag_43_frame_3,110,181,60,0.313,0.516,0.171,2,3,2pdd,WT,A,298,,,,1.81,0.593326845,Two,6.0,41.0,,4.308353808353808,43,10.019427461287925,4.700480365792417,5.198497031265826,4.0943445622221,0.33688692024553907,0.977199225103247,0.34560936875132314,0.0031746031746031746
487,2pdd_chain_A_frag_43_frame_3,110,181,60,0.313,0.516,0.171,3,4,2pdd,WT,A,298,,,,1.03,0.029558802,Two,7.0,39.0,,4.308353808353808,43,10.019427461287925,4.700480365792417,5.198497031265826,4.0943445622221,0.33688692024553907,0.977199225103247,0.34560936875132314,0.0031746031746031746
488,2pdd_chain_A_frag_43_frame_30,103,56,31,0.542,0.295,0.163,1,2,2pdd,WT,A,298,,,,2.19,0.783901544,Two,3.0,43.0,,4.447058823529412,43,10.341997264021888,4.634728988229636,4.02535169073515,3.4339872044851463,0.3154486616844593,0.3023378817998996,0.17856484052151694,0.0031746031746031746
489,2pdd_chain_A_frag_43_frame_30,103,56,31,0.542,0.295,0.163,2,3,2pdd,WT,A,298,,,,1.81,0.593326845,Two,6.0,41.0,,4.447058823529412,43,10.341997264021888,4.634728988229636,4.02535169073515,3.4339872044851463,0.3154486616844593,0.3023378817998996,0.17856484052151694,0.0031746031746031746
490,2pdd_chain_A_frag_43_frame_30,103,56,31,0.542,0.295,0.163,3,4,2pdd,WT,A,298,,,,1.03,0.029558802,Two,7.0,39.0,,4.447058823529412,43,10.341997264021888,4.634728988229636,4.02535169073515,3.4339872044851463,0.3154486616844593,0.3023378817998996,0.17856484052151694,0.0031746031746031746
491,2pdd_chain_A_frag_43_frame_31,52,86,15,0.34,0.562,0.098,1,2,2pdd,WT,A,298,,,,2.19,0.783901544,Two,3.0,43.0,,4.332533333333333,42,10.315555555555555,3.9512437185814275,4.454347296253507,2.70805020110221,0.16610668604900913,0.4945273927904761,0.08997098591596338,0.0031746031746031746
492,2pdd_chain_A_frag_43_frame_31,52,86,15,0.34,0.562,0.098,2,3,2pdd,WT,A,298,,,,1.81,0.593326845,Two,6.0,41.0,,4.332533333333333,42,10.315555555555555,3.9512437185814275,4.454347296253507,2.70805020110221,0.16610668604900913,0.4945273927904761,0.08997098591596338,0.0031746031746031746
493,2pdd_chain_A_frag_43_frame_31,52,86,15,0.34,0.562,0.098,3,4,2pdd,WT,A,298,,,,1.03,0.029558802,Two,7.0,39.0,,4.332533333333333,42,10.315555555555555,3.9512437185814275,4.454347296253507,2.70805020110221,0.16610668604900913,0.4945273927904761,0.08997098591596338,0.0031746031746031746
494,2pdd_chain_A_frag_43_frame_32,88,85,37,0.419,0.405,0.176,1,2,2pdd,WT,A,298,,,,2.19,0.783901544,Two,3.0,43.0,,4.5294424179260036,43,10.533587018432566,4.477336814478207,4.442651256490317,3.6109179126442243,0.26950953619643125,0.45890571344627623,0.21312577739664926,0.0031746031746031746
495,2pdd_chain_A_frag_43_frame_32,88,85,37,0.419,0.405,0.176,2,3,2pdd,WT,A,298,,,,1.81,0.593326845,Two,6.0,41.0,,4.5294424179260036,43,10.533587018432566,4.477336814478207,4.442651256490317,3.6109179126442243,0.26950953619643125,0.45890571344627623,0.21312577739664926,0.0031746031746031746
496,2pdd_chain_A_frag_43_frame_32,88,85,37,0.419,0.405,0.176,3,4,2pdd,WT,A,298,,,,1.03,0.029558802,Two,7.0,39.0,,4.5294424179260036,43,10.533587018432566,4.477336814478207,4.442651256490317,3.6109179126442243,0.26950953619643125,0.45890571344627623,0.21312577739664926,0.0031746031746031746
497,2pdd_chain_A_frag_43_frame_33,66,108,36,0.314,0.514,0.171,1,2,2pdd,WT,A,298,,,,2.19,0.783901544,Two,3.0,43.0,,4.684156902699949,43,10.893388145813836,4.189654742026425,4.68213122712422,3.58351893845611,0.20213215214732344,0.5830802006140922,0.20736562125079389,0.0031746031746031746
498,2pdd_chain_A_frag_43_frame_33,66,108,36,0.314,0.514,0.171,2,3,2pdd,WT,A,298,,,,1.81,0.593326845,Two,6.0,41.0,,4.684156902699949,43,10.893388145813836,4.189654742026425,4.68213122712422,3.58351893845611,0.20213215214732344,0.5830802006140922,0.20736562125079389,0.0031746031746031746
499,2pdd_chain_A_frag_43_frame_33,66,108,36,0.314,0.514,0.171,3,4,2pdd,WT,A,298,,,,1.03,0.029558802,Two,7.0,39.0,,4.684156902699949,43,10.893388145813836,4.189654742026425,4.68213122712422,3.58351893845611,0.20213215214732344,0.5830802006140922,0.20736562125079389,0.0031746031746031746
500,2pdd_chain_A_frag_43_frame_34,79,85,46,0.376,0.405,0.219,1,2,2pdd,WT,A,298,,,,2.19,0.783901544,Two,3.0,43.0,,4.550514376154049,43,10.582591572451276,4.3694478524670215,4.442651256490317,3.828641396489095,0.2419460609036144,0.45890571344627623,0.2649671827093477,0.0031746031746031746
501,2pdd_chain_A_frag_43_frame_34,79,85,46,0.376,0.405,0.219,2,3,2pdd,WT,A,298,,,,1.81,0.593326845,Two,6.0,41.0,,4.550514376154049,43,10.582591572451276,4.3694478524670215,4.442651256490317,3.828641396489095,0.2419460609036144,0.45890571344627623,0.2649671827093477,0.0031746031746031746
502,2pdd_chain_A_frag_43_frame_34,79,85,46,0.376,0.405,0.219,3,4,2pdd,WT,A,298,,,,1.03,0.029558802,Two,7.0,39.0,,4.550514376154049,43,10.582591572451276,4.3694478524670215,4.442651256490317,3.828641396489095,0.2419460609036144,0.45890571344627623,0.2649671827093477,0.0031746031746031746
503,2pdd_chain_A_frag_43_frame_35,79,67,25,0.462,0.392,0.146,1,2,2pdd,WT,A,298,,,,2.19,0.783901544,Two,3.0,43.0,,4.858889454915945,43,11.299742918409175,4.3694478524670215,4.204692619390966,3.2188758248682006,0.2419460609036144,0.3617256800105942,0.14400390364638463,0.0031746031746031746
504,2pdd_chain_A_frag_43_frame_35,79,67,25,0.462,0.392,0.146,2,3,2pdd,WT,A,298,,,,1.81,0.593326845,Two,6.0,41.0,,4.858889454915945,43,11.299742918409175,4.3694478524670215,4.204692619390966,3.2188758248682006,0.2419460609036144,0.3617256800105942,0.14400390364638463,0.0031746031746031746
505,2pdd_chain_A_frag_43_frame_35,79,67,25,0.462,0.392,0.146,3,4,2pdd,WT,A,298,,,,1.03,0.029558802,Two,7.0,39.0,,4.858889454915945,43,11.299742918409175,4.3694478524670215,4.204692619390966,3.2188758248682006,0.2419460609036144,0.3617256800105942,0.14400390364638463,0.0031746031746031746
506,2pdd_chain_A_frag_43_frame_4,71,92,27,0.374,0.484,0.142,1,2,2pdd,WT,A,298,,,,2.19,0.783901544,Two,3.0,43.0,,4.327920377160817,43,10.06493110967632,4.2626798770413155,4.5217885770490405,3.295836866004329,0.21744519397666612,0.49669794867126366,0.1555242159380954,0.0031746031746031746
507,2pdd_chain_A_frag_43_frame_4,71,92,27,0.374,0.484,0.142,2,3,2pdd,WT,A,298,,,,1.81,0.593326845,Two,6.0,41.0,,4.327920377160817,43,10.06493110967632,4.2626798770413155,4.5217885770490405,3.295836866004329,0.21744519397666612,0.49669794867126366,0.1555242159380954,0.0031746031746031746
508,2pdd_chain_A_frag_43_frame_4,71,92,27,0.374,0.484,0.142,3,4,2pdd,WT,A,298,,,,1.03,0.029558802,Two,7.0,39.0,,4.327920377160817,43,10.06493110967632,4.2626798770413155,4.5217885770490405,3.295836866004329,0.21744519397666612,0.49669794867126366,0.1555242159380954,0.0031746031746031746
509,2pdd_chain_A_frag_43_frame_5,95,93,43,0.411,0.403,0.186,1,2,2pdd,WT,A,298,,,,2.19,0.783901544,Two,3.0,43.0,,4.552631578947368,43,10.5875152998776,4.553876891600541,4.532599493153256,3.7612001156935624,0.290947794757511,0.5020968394176905,0.24768671427178157,0.0031746031746031746
510,2pdd_chain_A_frag_43_frame_5,95,93,43,0.411,0.403,0.186,2,3,2pdd,WT,A,298,,,,1.81,0.593326845,Two,6.0,41.0,,4.552631578947368,43,10.5875152998776,4.553876891600541,4.532599493153256,3.7612001156935624,0.290947794757511,0.5020968394176905,0.24768671427178157,0.0031746031746031746
511,2pdd_chain_A_frag_43_frame_5,95,93,43,0.411,0.403,0.186,3,4,2pdd,WT,A,298,,,,1.03,0.029558802,Two,7.0,39.0,,4.552631578947368,43,10.5875152998776,4.553876891600541,4.532599493153256,3.7612001156935624,0.290947794757511,0.5020968394176905,0.24768671427178157,0.0031746031746031746
512,2pdd_chain_A_frag_43_frame_6,80,63,28,0.468,0.368,0.164,1,2,2pdd,WT,A,298,,,,2.19,0.783901544,Two,3.0,43.0,,4.81633172220809,43,11.200771446995557,4.382026634673881,4.143134726391533,3.332204510175204,0.24500866926948295,0.3401301170248871,0.1612843720839508,0.0031746031746031746
513,2pdd_chain_A_frag_43_frame_6,80,63,28,0.468,0.368,0.164,2,3,2pdd,WT,A,298,,,,1.81,0.593326845,Two,6.0,41.0,,4.81633172220809,43,11.200771446995557,4.382026634673881,4.143134726391533,3.332204510175204,0.24500866926948295,0.3401301170248871,0.1612843720839508,0.0031746031746031746
514,2pdd_chain_A_frag_43_frame_6,80,63,28,0.468,0.368,0.164,3,4,2pdd,WT,A,298,,,,1.03,0.029558802,Two,7.0,39.0,,4.81633172220809,43,11.200771446995557,4.382026634673881,4.143134726391533,3.332204510175204,0.24500866926948295,0.3401301170248871,0.1612843720839508,0.0031746031746031746
515,2pdd_chain_A_frag_43_frame_7,83,162,55,0.277,0.54,0.183,1,2,2pdd,WT,A,298,,,,2.19,0.783901544,Two,3.0,43.0,,4.805156172533466,43,11.174781796589455,4.418840607796598,5.087596335232384,4.007333185232471,0.2541964943670886,0.8746203009211382,0.3168085880220462,0.0031746031746031746
516,2pdd_chain_A_frag_43_frame_7,83,162,55,0.277,0.54,0.183,2,3,2pdd,WT,A,298,,,,1.81,0.593326845,Two,6.0,41.0,,4.805156172533466,43,11.174781796589455,4.418840607796598,5.087596335232384,4.007333185232471,0.2541964943670886,0.8746203009211382,0.3168085880220462,0.0031746031746031746
517,2pdd_chain_A_frag_43_frame_7,83,162,55,0.277,0.54,0.183,3,4,2pdd,WT,A,298,,,,1.03,0.029558802,Two,7.0,39.0,,4.805156172533466,43,11.174781796589455,4.418840607796598,5.087596335232384,4.007333185232471,0.2541964943670886,0.8746203009211382,0.3168085880220462,0.0031746031746031746
518,2pdd_chain_A_frag_43_frame_8,92,82,36,0.438,0.39,0.171,1,2,2pdd,WT,A,298,,,,2.19,0.783901544,Two,3.0,43.0,,4.2448707700506265,43,9.87179248848983,4.5217885770490405,4.406719247264253,3.58351893845611,0.2817599696599054,0.4427090412069959,0.20736562125079389,0.0031746031746031746
519,2pdd_chain_A_frag_43_frame_8,92,82,36,0.438,0.39,0.171,2,3,2pdd,WT,A,298,,,,1.81,0.593326845,Two,6.0,41.0,,4.2448707700506265,43,9.87179248848983,4.5217885770490405,4.406719247264253,3.58351893845611,0.2817599696599054,0.4427090412069959,0.20736562125079389,0.0031746031746031746
520,2pdd_chain_A_frag_43_frame_8,92,82,36,0.438,0.39,0.171,3,4,2pdd,WT,A,298,,,,1.03,0.029558802,Two,7.0,39.0,,4.2448707700506265,43,9.87179248848983,4.5217885770490405,4.406719247264253,3.58351893845611,0.2817599696599054,0.4427090412069959,0.20736562125079389,0.0031746031746031746
521,2pdd_chain_A_frag_43_frame_9,91,106,34,0.394,0.459,0.147,1,2,2pdd,WT,A,298,,,,2.19,0.783901544,Two,3.0,43.0,,4.383128754243928,43,10.193322684288205,4.51085950651685,4.663439094112067,3.5263605246161616,0.2786973612940368,0.5722824191212386,0.19584530895908311,0.0031746031746031746
522,2pdd_chain_A_frag_43_frame_9,91,106,34,0.394,0.459,0.147,2,3,2pdd,WT,A,298,,,,1.81,0.593326845,Two,6.0,41.0,,4.383128754243928,43,10.193322684288205,4.51085950651685,4.663439094112067,3.5263605246161616,0.2786973612940368,0.5722824191212386,0.19584530895908311,0.0031746031746031746
523,2pdd_chain_A_frag_43_frame_9,91,106,34,0.394,0.459,0.147,3,4,2pdd,WT,A,298,,,,1.03,0.029558802,Two,7.0,39.0,,4.383128754243928,43,10.193322684288205,4.51085950651685,4.663439094112067,3.5263605246161616,0.2786973612940368,0.5722824191212386,0.19584530895908311,0.0031746031746031746
524,2rdk_chain_A_frag_0_frame_1,2320,3766,1174,0.32,0.519,0.162,62,73,2rdk,WT,A,296,,,,3.01,1.101940079,Unknown,,,,14.066540414909184,101,13.927267737533846,7.749322464660356,8.233768709217097,7.068172000388042,1.5408229050564293,2.0620492508502695,1.5568090014094946,1.0
525,2trx_chain_A_frag_0_frame_1,1534,2159,1257,0.31,0.436,0.254,26,31,2trx,WT,A,298,,,,8.9,2.186051277,Two,,,,12.429853723404255,108,11.509123817966902,7.335633981927201,7.677400430514807,7.136483208590247,0.9036428930040447,0.9878180955899294,1.485410256262137,0.5
526,2trx_chain_A_frag_0_frame_1,1534,2159,1257,0.31,0.436,0.254,46,53,2trx,WT,A,298,,,,9.4,2.240709689,Unknown,,,,12.429853723404255,108,11.509123817966902,7.335633981927201,7.677400430514807,7.136483208590247,0.9036428930040447,0.9878180955899294,1.485410256262137,0.5
527,2w0k_chain_A_frag_0_frame_1,5727,3386,2212,0.506,0.299,0.195,44,49,2w0k,WT,A,295,,,,5.2,1.648658626,Unknown,,,,19.58368484483278,111,17.64295931966917,8.652947112393857,8.12740456269308,7.701652362642226,3.2121739155182922,1.4395321563756451,2.4936161334462654,1.0
528,3pgk_chain_A_frag_0_frame_1,20423,65326,5629,0.224,0.715,0.062,22,24,3pgk,WT,A,293,,,,4.83,1.574846468,Unknown,,,,27.47072532504702,415,6.619451885553499,9.924416995717158,11.087145398346655,8.635687085464026,1.0809695097166523,0.8104330944890035,0.6567325202339381,0.5
529,3pgk_chain_A_frag_0_frame_1,20423,65326,5629,0.224,0.715,0.062,57,68,3pgk,WT,A,293,,,,4.92,1.593308531,Two,,,,27.47072532504702,415,6.619451885553499,9.924416995717158,11.087145398346655,8.635687085464026,1.0809695097166523,0.8104330944890035,0.6567325202339381,0.5
530,3tes_chain_A_frag_0_frame_1,2650,1933,1412,0.442,0.322,0.236,51,60,3tes,WT,A,295,,,,10.6,2.360854001,Two,,,,17.117635951661633,94,18.210251012405994,7.882314918980268,7.566828479208331,7.252762418053187,2.001460465549603,1.2830666193345392,2.1186283944622226,1.0
531,3teu_chain_A_frag_0_frame_1,2581,2120,1627,0.408,0.335,0.257,49,58,3teu,WT,A,295,,,,11.4,2.433613355,Two,,,,16.187534677270204,98,16.51789252782674,7.855932199718614,7.659171367666058,7.394493107219038,1.809228119536377,1.2584906059028218,2.2723681984649717,1.0
532,3v03_chain_A_frag_0_frame_1,14360,147052,5919,0.086,0.879,0.035,35,40,3v03,WT,A,295,,,,5.2,1.648658626,Two,,,,16.69757381982321,581,2.873936974152015,9.572201842602215,11.898541544705699,8.685922794690725,0.4161780422782179,0.7404212948342417,0.387137634650265,1.0
533,4blm_chain_A_frag_0_frame_1,13347,30415,4133,0.279,0.635,0.086,38,43,4blm,WT,A,295,,,,7.2,1.974081026,Two,,,,25.421979430524612,256,9.930460715048676,9.499046919474152,10.322691186754806,8.326758814511733,1.6773902818688722,1.3772244169874488,1.106859928293273,1.0
534,4lyz_chain_A_frag_0_frame_1,2765,5640,1048,0.292,0.597,0.111,34,39,4lyz,WT,A,300,,,,9.32,2.232162629,Two,,,,13.827937688313353,129,10.719331541328181,7.9247959139564355,8.637639344492104,6.954638864880987,1.185057857484461,1.60287140190729,0.9123195489886502,0.5
535,4lyz_chain_A_frag_0_frame_1,2765,5640,1048,0.292,0.597,0.111,40,45,4lyz,WT,A,298,,,,13.19,2.579458967,Two,,,,13.827937688313353,129,10.719331541328181,7.9247959139564355,8.637639344492104,6.954638864880987,1.185057857484461,1.60287140190729,0.9123195489886502,0.5
536,4u3h_chain_A_frag_0_frame_1,2214,1570,1166,0.447,0.317,0.236,48,57,4u3h,WT,A,295,,,,15.5,2.740840024,Two,,,,16.096881037813965,100,16.096881037813965,7.7025561132685825,7.358830898342354,7.061334366910438,1.4968477075178472,0.8828758805488471,1.572890721101868,1.0
537,5azu_chain_A_frag_0_frame_1,5258,4700,3083,0.403,0.36,0.236,7,8,5azu,WT,A,293,,,,14.27,2.658159431,Multi,,,,20.509709379128136,128,16.023210452443855,8.567506005289827,8.45531778769815,8.03365842788615,2.2851501217881043,1.3638767916117704,2.720021750956224,1.0
538,6if9_chain_A_frag_177_frame_1,5910,20700,4515,0.19,0.665,0.145,10,12,6if9,WT,A,293,,,,20.08,2.999724295,Unknown,1.0,177.0,,16.284147101599835,178,9.148397248089795,8.684401110400144,9.93788897925346,8.415160465851086,1.423428564539532,2.4822455412786786,2.25909945436928,0.008333333333333333
539,6if9_chain_A_frag_177_frame_1,5910,20700,4515,0.19,0.665,0.145,11,13,6if9,WT,A,293,,,,10.04,2.306577114,Unknown,1.0,90.0,,16.284147101599835,178,9.148397248089795,8.684401110400144,9.93788897925346,8.415160465851086,1.423428564539532,2.4822455412786786,2.25909945436928,0.008333333333333333
540,6if9_chain_A_frag_177_frame_1,5910,20700,4515,0.19,0.665,0.145,12,14,6if9,WT,A,293,,,,11.47,2.439734931,Unknown,91.0,177.0,,16.284147101599835,178,9.148397248089795,8.684401110400144,9.93788897925346,8.415160465851086,1.423428564539532,2.4822455412786786,2.25909945436928,0.008333333333333333
541,6if9_chain_A_frag_177_frame_10,6216,20680,4730,0.197,0.654,0.15,10,12,6if9,WT,A,293,,,,20.08,2.999724295,Unknown,1.0,177.0,,17.194211287988423,178,9.659669262914845,8.734881892047483,9.936922328622366,8.46168048148598,1.4971289267644214,2.479847236407878,2.366675618863055,0.008333333333333333
542,6if9_chain_A_frag_177_frame_10,6216,20680,4730,0.197,0.654,0.15,11,13,6if9,WT,A,293,,,,10.04,2.306577114,Unknown,1.0,90.0,,17.194211287988423,178,9.659669262914845,8.734881892047483,9.936922328622366,8.46168048148598,1.4971289267644214,2.479847236407878,2.366675618863055,0.008333333333333333
543,6if9_chain_A_frag_177_frame_10,6216,20680,4730,0.197,0.654,0.15,12,14,6if9,WT,A,293,,,,11.47,2.439734931,Unknown,91.0,177.0,,17.194211287988423,178,9.659669262914845,8.734881892047483,9.936922328622366,8.46168048148598,1.4971289267644214,2.479847236407878,2.366675618863055,0.008333333333333333
544,6if9_chain_A_frag_177_frame_11,5581,20810,4485,0.181,0.674,0.145,10,12,6if9,WT,A,293,,,,20.08,2.999724295,Unknown,1.0,177.0,,15.802432623818053,178,8.877771136976435,8.627123250788433,9.94318891938768,8.408493774492896,1.3441886326049286,2.495436218068082,2.2440888267654975,0.008333333333333333
545,6if9_chain_A_frag_177_frame_11,5581,20810,4485,0.181,0.674,0.145,11,13,6if9,WT,A,293,,,,10.04,2.306577114,Unknown,1.0,90.0,,15.802432623818053,178,8.877771136976435,8.627123250788433,9.94318891938768,8.408493774492896,1.3441886326049286,2.495436218068082,2.2440888267654975,0.008333333333333333
546,6if9_chain_A_frag_177_frame_11,5581,20810,4485,0.181,0.674,0.145,12,14,6if9,WT,A,293,,,,11.47,2.439734931,Unknown,91.0,177.0,,15.802432623818053,178,8.877771136976435,8.627123250788433,9.94318891938768,8.408493774492896,1.3441886326049286,2.495436218068082,2.2440888267654975,0.008333333333333333
547,6if9_chain_A_frag_177_frame_12,6045,21251,4582,0.19,0.667,0.144,10,12,6if9,WT,A,293,,,,20.08,2.999724295,Unknown,1.0,177.0,,16.410168227397033,178,9.21919563336912,8.706986763048892,9.96415923206886,8.42989086301344,1.4559434302269834,2.5483188404692365,2.292623189351061,0.008333333333333333
548,6if9_chain_A_frag_177_frame_12,6045,21251,4582,0.19,0.667,0.144,11,13,6if9,WT,A,293,,,,10.04,2.306577114,Unknown,1.0,90.0,,16.410168227397033,178,9.21919563336912,8.706986763048892,9.96415923206886,8.42989086301344,1.4559434302269834,2.5483188404692365,2.292623189351061,0.008333333333333333
549,6if9_chain_A_frag_177_frame_12,6045,21251,4582,0.19,0.667,0.144,12,14,6if9,WT,A,293,,,,11.47,2.439734931,Unknown,91.0,177.0,,16.410168227397033,178,9.21919563336912,8.706986763048892,9.96415923206886,8.42989086301344,1.4559434302269834,2.5483188404692365,2.292623189351061,0.008333333333333333
550,6if9_chain_A_frag_177_frame_13,5803,20564,4509,0.188,0.666,0.146,10,12,6if9,WT,A,293,,,,20.08,2.999724295,Unknown,1.0,177.0,,16.46396694214876,178,9.249419630420652,8.666130304190608,9.931297253175396,8.413830678421084,1.3976575228465151,2.465937068157234,2.2560973288485235,0.008333333333333333
551,6if9_chain_A_frag_177_frame_13,5803,20564,4509,0.188,0.666,0.146,11,13,6if9,WT,A,293,,,,10.04,2.306577114,Unknown,1.0,90.0,,16.46396694214876,178,9.249419630420652,8.666130304190608,9.931297253175396,8.413830678421084,1.3976575228465151,2.465937068157234,2.2560973288485235,0.008333333333333333
552,6if9_chain_A_frag_177_frame_13,5803,20564,4509,0.188,0.666,0.146,12,14,6if9,WT,A,293,,,,11.47,2.439734931,Unknown,91.0,177.0,,16.46396694214876,178,9.249419630420652,8.666130304190608,9.931297253175396,8.413830678421084,1.3976575228465151,2.465937068157234,2.2560973288485235,0.008333333333333333
553,6if9_chain_A_frag_177_frame_14,6187,20935,5009,0.193,0.652,0.156,10,12,6if9,WT,A,293,,,,20.08,2.999724295,Unknown,1.0,177.0,,16.6441815725922,178,9.350663804827079,8.73020559553099,9.949177678453244,8.518991573357617,1.490144251913043,2.5104256235105864,2.5062744555782333,0.008333333333333333
554,6if9_chain_A_frag_177_frame_14,6187,20935,5009,0.193,0.652,0.156,11,13,6if9,WT,A,293,,,,10.04,2.306577114,Unknown,1.0,90.0,,16.6441815725922,178,9.350663804827079,8.73020559553099,9.949177678453244,8.518991573357617,1.490144251913043,2.5104256235105864,2.5062744555782333,0.008333333333333333
555,6if9_chain_A_frag_177_frame_14,6187,20935,5009,0.193,0.652,0.156,12,14,6if9,WT,A,293,,,,11.47,2.439734931,Unknown,91.0,177.0,,16.6441815725922,178,9.350663804827079,8.73020559553099,9.949177678453244,8.518991573357617,1.490144251913043,2.5104256235105864,2.5062744555782333,0.008333333333333333
556,6if9_chain_A_frag_177_frame_15,5813,20339,4724,0.188,0.659,0.153,10,12,6if9,WT,A,293,,,,20.08,2.999724295,Unknown,1.0,177.0,,16.496951345970384,178,9.267950194365385,8.66785206770135,9.920295504185495,8.460411177317253,1.4000660314159559,2.4389561383607266,2.3636734933422985,0.008333333333333333
557,6if9_chain_A_frag_177_frame_15,5813,20339,4724,0.188,0.659,0.153,11,13,6if9,WT,A,293,,,,10.04,2.306577114,Unknown,1.0,90.0,,16.496951345970384,178,9.267950194365385,8.66785206770135,9.920295504185495,8.460411177317253,1.4000660314159559,2.4389561383607266,2.3636734933422985,0.008333333333333333
558,6if9_chain_A_frag_177_frame_15,5813,20339,4724,0.188,0.659,0.153,12,14,6if9,WT,A,293,,,,11.47,2.439734931,Unknown,91.0,177.0,,16.496951345970384,178,9.267950194365385,8.66785206770135,9.920295504185495,8.460411177317253,1.4000660314159559,2.4389561383607266,2.3636734933422985,0.008333333333333333
559,6if9_chain_A_frag_177_frame_16,5584,19130,4447,0.191,0.656,0.152,10,12,6if9,WT,A,293,,,,20.08,2.999724295,Unknown,1.0,177.0,,16.533034156070805,178,9.288221435994833,8.627660644442209,9.859013062434299,8.399984990510696,1.344911185175761,2.293978608920827,2.2250753651340394,0.008333333333333333
560,6if9_chain_A_frag_177_frame_16,5584,19130,4447,0.191,0.656,0.152,11,13,6if9,WT,A,293,,,,10.04,2.306577114,Unknown,1.0,90.0,,16.533034156070805,178,9.288221435994833,8.627660644442209,9.859013062434299,8.399984990510696,1.344911185175761,2.293978608920827,2.2250753651340394,0.008333333333333333
561,6if9_chain_A_frag_177_frame_16,5584,19130,4447,0.191,0.656,0.152,12,14,6if9,WT,A,293,,,,11.47,2.439734931,Unknown,91.0,177.0,,16.533034156070805,178,9.288221435994833,8.627660644442209,9.859013062434299,8.399984990510696,1.344911185175761,2.293978608920827,2.2250753651340394,0.008333333333333333
562,6if9_chain_A_frag_177_frame_17,6551,21755,4847,0.198,0.656,0.146,10,12,6if9,WT,A,293,,,,20.08,2.999724295,Unknown,1.0,177.0,,16.820572184554326,178,9.449759654244003,8.787372988731876,9.98759889515478,8.486115235845377,1.5778139638406894,2.6087561232134133,2.425217066517807,0.008333333333333333
563,6if9_chain_A_frag_177_frame_17,6551,21755,4847,0.198,0.656,0.146,11,13,6if9,WT,A,293,,,,10.04,2.306577114,Unknown,1.0,90.0,,16.820572184554326,178,9.449759654244003,8.787372988731876,9.98759889515478,8.486115235845377,1.5778139638406894,2.6087561232134133,2.425217066517807,0.008333333333333333
564,6if9_chain_A_frag_177_frame_17,6551,21755,4847,0.198,0.656,0.146,12,14,6if9,WT,A,293,,,,11.47,2.439734931,Unknown,91.0,177.0,,16.820572184554326,178,9.449759654244003,8.787372988731876,9.98759889515478,8.486115235845377,1.5778139638406894,2.6087561232134133,2.425217066517807,0.008333333333333333
565,6if9_chain_A_frag_177_frame_18,5842,21008,5028,0.183,0.659,0.158,10,12,6if9,WT,A,293,,,,20.08,2.999724295,Unknown,1.0,177.0,,16.596550308008215,178,9.323904667420345,8.672828482947686,9.952658596542577,8.522777569710138,1.4070507062673343,2.5191794362890088,2.515781186393962,0.008333333333333333
566,6if9_chain_A_frag_177_frame_18,5842,21008,5028,0.183,0.659,0.158,11,13,6if9,WT,A,293,,,,10.04,2.306577114,Unknown,1.0,90.0,,16.596550308008215,178,9.323904667420345,8.672828482947686,9.952658596542577,8.522777569710138,1.4070507062673343,2.5191794362890088,2.515781186393962,0.008333333333333333
567,6if9_chain_A_frag_177_frame_18,5842,21008,5028,0.183,0.659,0.158,12,14,6if9,WT,A,293,,,,11.47,2.439734931,Unknown,91.0,177.0,,16.596550308008215,178,9.323904667420345,8.672828482947686,9.952658596542577,8.522777569710138,1.4070507062673343,2.5191794362890088,2.515781186393962,0.008333333333333333
568,6if9_chain_A_frag_177_frame_19,6068,21439,4878,0.187,0.662,0.151,10,12,6if9,WT,A,293,,,,20.08,2.999724295,Unknown,1.0,177.0,,16.361622542703962,178,9.191922776799979,8.710784340468424,9.972966972305931,8.492490578775866,1.4614829999366972,2.5708629062547628,2.4407280483750493,0.008333333333333333
569,6if9_chain_A_frag_177_frame_19,6068,21439,4878,0.187,0.662,0.151,11,13,6if9,WT,A,293,,,,10.04,2.306577114,Unknown,1.0,90.0,,16.361622542703962,178,9.191922776799979,8.710784340468424,9.972966972305931,8.492490578775866,1.4614829999366972,2.5708629062547628,2.4407280483750493,0.008333333333333333
570,6if9_chain_A_frag_177_frame_19,6068,21439,4878,0.187,0.662,0.151,12,14,6if9,WT,A,293,,,,11.47,2.439734931,Unknown,91.0,177.0,,16.361622542703962,178,9.191922776799979,8.710784340468424,9.972966972305931,8.492490578775866,1.4614829999366972,2.5708629062547628,2.4407280483750493,0.008333333333333333
571,6if9_chain_A_frag_177_frame_2,6204,22568,5158,0.183,0.665,0.152,10,12,6if9,WT,A,293,,,,20.08,2.999724295,Unknown,1.0,177.0,,16.72729115977291,178,9.397354584142084,8.73294952429643,10.024288252681833,8.54830418644129,1.4942387164810924,2.7062472162114597,2.580827239343687,0.008333333333333333
572,6if9_chain_A_frag_177_frame_2,6204,22568,5158,0.183,0.665,0.152,11,13,6if9,WT,A,293,,,,10.04,2.306577114,Unknown,1.0,90.0,,16.72729115977291,178,9.397354584142084,8.73294952429643,10.024288252681833,8.54830418644129,1.4942387164810924,2.7062472162114597,2.580827239343687,0.008333333333333333
573,6if9_chain_A_frag_177_frame_2,6204,22568,5158,0.183,0.665,0.152,12,14,6if9,WT,A,293,,,,11.47,2.439734931,Unknown,91.0,177.0,,16.72729115977291,178,9.397354584142084,8.73294952429643,10.024288252681833,8.54830418644129,1.4942387164810924,2.7062472162114597,2.580827239343687,0.008333333333333333
574,6if9_chain_A_frag_177_frame_20,6201,21433,4751,0.191,0.662,0.147,10,12,6if9,WT,A,293,,,,20.08,2.999724295,Unknown,1.0,177.0,,16.843522176516107,178,9.462652908155116,8.732465848349879,9.972687069337132,8.46611040118692,1.4935161639102603,2.5701434147935225,2.377183058185703,0.008333333333333333
575,6if9_chain_A_frag_177_frame_20,6201,21433,4751,0.191,0.662,0.147,11,13,6if9,WT,A,293,,,,10.04,2.306577114,Unknown,1.0,90.0,,16.843522176516107,178,9.462652908155116,8.732465848349879,9.972687069337132,8.46611040118692,1.4935161639102603,2.5701434147935225,2.377183058185703,0.008333333333333333
576,6if9_chain_A_frag_177_frame_20,6201,21433,4751,0.191,0.662,0.147,12,14,6if9,WT,A,293,,,,11.47,2.439734931,Unknown,91.0,177.0,,16.843522176516107,178,9.462652908155116,8.732465848349879,9.972687069337132,8.46611040118692,1.4935161639102603,2.5701434147935225,2.377183058185703,0.008333333333333333
577,6if9_chain_A_frag_177_frame_3,5858,20304,4714,0.19,0.658,0.153,10,12,6if9,WT,A,293,,,,20.08,2.999724295,Unknown,1.0,177.0,,16.63854373757455,178,9.347496481783455,8.675563527387679,9.918573189954168,8.458292083496076,1.4109043199784397,2.4347591048368256,2.3586699508077045,0.008333333333333333
578,6if9_chain_A_frag_177_frame_3,5858,20304,4714,0.19,0.658,0.153,11,13,6if9,WT,A,293,,,,10.04,2.306577114,Unknown,1.0,90.0,,16.63854373757455,178,9.347496481783455,8.675563527387679,9.918573189954168,8.458292083496076,1.4109043199784397,2.4347591048368256,2.3586699508077045,0.008333333333333333
579,6if9_chain_A_frag_177_frame_3,5858,20304,4714,0.19,0.658,0.153,12,14,6if9,WT,A,293,,,,11.47,2.439734931,Unknown,91.0,177.0,,16.63854373757455,178,9.347496481783455,8.675563527387679,9.918573189954168,8.458292083496076,1.4109043199784397,2.4347591048368256,2.3586699508077045,0.008333333333333333
580,6if9_chain_A_frag_177_frame_4,6111,21755,4774,0.187,0.667,0.146,10,12,6if9,WT,A,293,,,,20.08,2.999724295,Unknown,1.0,177.0,,16.713966387946023,178,9.389868757273048,8.717845704894916,9.98759889515478,8.470939806898775,1.4718395867852927,2.6087561232134133,2.3886912060152694,0.008333333333333333
581,6if9_chain_A_frag_177_frame_4,6111,21755,4774,0.187,0.667,0.146,11,13,6if9,WT,A,293,,,,10.04,2.306577114,Unknown,1.0,90.0,,16.713966387946023,178,9.389868757273048,8.717845704894916,9.98759889515478,8.470939806898775,1.4718395867852927,2.6087561232134133,2.3886912060152694,0.008333333333333333
582,6if9_chain_A_frag_177_frame_4,6111,21755,4774,0.187,0.667,0.146,12,14,6if9,WT,A,293,,,,11.47,2.439734931,Unknown,91.0,177.0,,16.713966387946023,178,9.389868757273048,8.717845704894916,9.98759889515478,8.470939806898775,1.4718395867852927,2.6087561232134133,2.3886912060152694,0.008333333333333333
583,6if9_chain_A_frag_177_frame_5,6108,21718,4814,0.187,0.665,0.147,10,12,6if9,WT,A,293,,,,20.08,2.999724295,Unknown,1.0,177.0,,16.420772248606237,178,9.22515294865519,8.717354666338522,9.985896688776846,8.479283618343016,1.4711170342144606,2.604319259202432,2.4087053761536463,0.008333333333333333
584,6if9_chain_A_frag_177_frame_5,6108,21718,4814,0.187,0.665,0.147,11,13,6if9,WT,A,293,,,,10.04,2.306577114,Unknown,1.0,90.0,,16.420772248606237,178,9.22515294865519,8.717354666338522,9.985896688776846,8.479283618343016,1.4711170342144606,2.604319259202432,2.4087053761536463,0.008333333333333333
585,6if9_chain_A_frag_177_frame_5,6108,21718,4814,0.187,0.665,0.147,12,14,6if9,WT,A,293,,,,11.47,2.439734931,Unknown,91.0,177.0,,16.420772248606237,178,9.22515294865519,8.717354666338522,9.985896688776846,8.479283618343016,1.4711170342144606,2.604319259202432,2.4087053761536463,0.008333333333333333
586,6if9_chain_A_frag_177_frame_6,6033,21456,4642,0.188,0.668,0.144,10,12,6if9,WT,A,293,,,,20.08,2.999724295,Unknown,1.0,177.0,,16.48550244387375,178,9.261518226895364,8.704999678440762,9.97375960552146,8.442900586834382,1.4530532199436543,2.5729014653949434,2.3226444445586263,0.008333333333333333
587,6if9_chain_A_frag_177_frame_6,6033,21456,4642,0.188,0.668,0.144,11,13,6if9,WT,A,293,,,,10.04,2.306577114,Unknown,1.0,90.0,,16.48550244387375,178,9.261518226895364,8.704999678440762,9.97375960552146,8.442900586834382,1.4530532199436543,2.5729014653949434,2.3226444445586263,0.008333333333333333
588,6if9_chain_A_frag_177_frame_6,6033,21456,4642,0.188,0.668,0.144,12,14,6if9,WT,A,293,,,,11.47,2.439734931,Unknown,91.0,177.0,,16.48550244387375,178,9.261518226895364,8.704999678440762,9.97375960552146,8.442900586834382,1.4530532199436543,2.5729014653949434,2.3226444445586263,0.008333333333333333
589,6if9_chain_A_frag_177_frame_7,6382,22101,4928,0.191,0.661,0.147,10,12,6if9,WT,A,293,,,,20.08,2.999724295,Unknown,1.0,177.0,,16.814984834822525,178,9.44662069372052,8.76123680683819,10.003378135350923,8.502688505213357,1.5371101690171394,2.6502467974782644,2.4657457610480202,0.008333333333333333
590,6if9_chain_A_frag_177_frame_7,6382,22101,4928,0.191,0.661,0.147,11,13,6if9,WT,A,293,,,,10.04,2.306577114,Unknown,1.0,90.0,,16.814984834822525,178,9.44662069372052,8.76123680683819,10.003378135350923,8.502688505213357,1.5371101690171394,2.6502467974782644,2.4657457610480202,0.008333333333333333
591,6if9_chain_A_frag_177_frame_7,6382,22101,4928,0.191,0.661,0.147,12,14,6if9,WT,A,293,,,,11.47,2.439734931,Unknown,91.0,177.0,,16.814984834822525,178,9.44662069372052,8.76123680683819,10.003378135350923,8.502688505213357,1.5371101690171394,2.6502467974782644,2.4657457610480202,0.008333333333333333
592,6if9_chain_A_frag_177_frame_8,6118,21345,4922,0.189,0.659,0.152,10,12,6if9,WT,A,293,,,,20.08,2.999724295,Unknown,1.0,177.0,,16.509596293845135,178,9.275054097665807,8.718990524710849,9.968572799192062,8.501470230951002,1.4735255427839014,2.5595908733619996,2.462743635527264,0.008333333333333333
593,6if9_chain_A_frag_177_frame_8,6118,21345,4922,0.189,0.659,0.152,11,13,6if9,WT,A,293,,,,10.04,2.306577114,Unknown,1.0,90.0,,16.509596293845135,178,9.275054097665807,8.718990524710849,9.968572799192062,8.501470230951002,1.4735255427839014,2.5595908733619996,2.462743635527264,0.008333333333333333
594,6if9_chain_A_frag_177_frame_8,6118,21345,4922,0.189,0.659,0.152,12,14,6if9,WT,A,293,,,,11.47,2.439734931,Unknown,91.0,177.0,,16.509596293845135,178,9.275054097665807,8.718990524710849,9.968572799192062,8.501470230951002,1.4735255427839014,2.5595908733619996,2.462743635527264,0.008333333333333333
595,6if9_chain_A_frag_177_frame_9,5601,20340,4440,0.184,0.669,0.146,10,12,6if9,WT,A,293,,,,20.08,2.999724295,Unknown,1.0,177.0,,16.946594459487606,178,9.520558685105398,8.630700432209832,9.920344669602551,8.39840965542627,1.3490056497438103,2.439076053604267,2.2215728853598233,0.008333333333333333
596,6if9_chain_A_frag_177_frame_9,5601,20340,4440,0.184,0.669,0.146,11,13,6if9,WT,A,293,,,,10.04,2.306577114,Unknown,1.0,90.0,,16.946594459487606,178,9.520558685105398,8.630700432209832,9.920344669602551,8.39840965542627,1.3490056497438103,2.439076053604267,2.2215728853598233,0.008333333333333333
597,6if9_chain_A_frag_177_frame_9,5601,20340,4440,0.184,0.669,0.146,12,14,6if9,WT,A,293,,,,11.47,2.439734931,Unknown,91.0,177.0,,16.946594459487606,178,9.520558685105398,8.630700432209832,9.920344669602551,8.39840965542627,1.3490056497438103,2.439076053604267,2.2215728853598233,0.008333333333333333
598,6if9_chain_A_frag_90_frame_1,5910,20700,4515,0.19,0.665,0.145,10,12,6if9,WT,A,293,,,,20.08,2.999724295,Unknown,1.0,177.0,,16.284147101599835,178,9.148397248089795,8.684401110400144,9.93788897925346,8.415160465851086,1.423428564539532,2.4822455412786786,2.25909945436928,0.008333333333333333
599,6if9_chain_A_frag_90_frame_1,5910,20700,4515,0.19,0.665,0.145,11,13,6if9,WT,A,293,,,,10.04,2.306577114,Unknown,1.0,90.0,,16.284147101599835,178,9.148397248089795,8.684401110400144,9.93788897925346,8.415160465851086,1.423428564539532,2.4822455412786786,2.25909945436928,0.008333333333333333
600,6if9_chain_A_frag_90_frame_1,5910,20700,4515,0.19,0.665,0.145,12,14,6if9,WT,A,293,,,,11.47,2.439734931,Unknown,91.0,177.0,,16.284147101599835,178,9.148397248089795,8.684401110400144,9.93788897925346,8.415160465851086,1.423428564539532,2.4822455412786786,2.25909945436928,0.008333333333333333
601,6if9_chain_A_frag_90_frame_10,6216,20680,4730,0.197,0.654,0.15,10,12,6if9,WT,A,293,,,,20.08,2.999724295,Unknown,1.0,177.0,,17.194211287988423,178,9.659669262914845,8.734881892047483,9.936922328622366,8.46168048148598,1.4971289267644214,2.479847236407878,2.366675618863055,0.008333333333333333
602,6if9_chain_A_frag_90_frame_10,6216,20680,4730,0.197,0.654,0.15,11,13,6if9,WT,A,293,,,,10.04,2.306577114,Unknown,1.0,90.0,,17.194211287988423,178,9.659669262914845,8.734881892047483,9.936922328622366,8.46168048148598,1.4971289267644214,2.479847236407878,2.366675618863055,0.008333333333333333
603,6if9_chain_A_frag_90_frame_10,6216,20680,4730,0.197,0.654,0.15,12,14,6if9,WT,A,293,,,,11.47,2.439734931,Unknown,91.0,177.0,,17.194211287988423,178,9.659669262914845,8.734881892047483,9.936922328622366,8.46168048148598,1.4971289267644214,2.479847236407878,2.366675618863055,0.008333333333333333
604,6if9_chain_A_frag_90_frame_11,5581,20810,4485,0.181,0.674,0.145,10,12,6if9,WT,A,293,,,,20.08,2.999724295,Unknown,1.0,177.0,,15.802432623818053,178,8.877771136976435,8.627123250788433,9.94318891938768,8.408493774492896,1.3441886326049286,2.495436218068082,2.2440888267654975,0.008333333333333333
605,6if9_chain_A_frag_90_frame_11,5581,20810,4485,0.181,0.674,0.145,11,13,6if9,WT,A,293,,,,10.04,2.306577114,Unknown,1.0,90.0,,15.802432623818053,178,8.877771136976435,8.627123250788433,9.94318891938768,8.408493774492896,1.3441886326049286,2.495436218068082,2.2440888267654975,0.008333333333333333
606,6if9_chain_A_frag_90_frame_11,5581,20810,4485,0.181,0.674,0.145,12,14,6if9,WT,A,293,,,,11.47,2.439734931,Unknown,91.0,177.0,,15.802432623818053,178,8.877771136976435,8.627123250788433,9.94318891938768,8.408493774492896,1.3441886326049286,2.495436218068082,2.2440888267654975,0.008333333333333333
607,6if9_chain_A_frag_90_frame_12,6045,21251,4582,0.19,0.667,0.144,10,12,6if9,WT,A,293,,,,20.08,2.999724295,Unknown,1.0,177.0,,16.410168227397033,178,9.21919563336912,8.706986763048892,9.96415923206886,8.42989086301344,1.4559434302269834,2.5483188404692365,2.292623189351061,0.008333333333333333
608,6if9_chain_A_frag_90_frame_12,6045,21251,4582,0.19,0.667,0.144,11,13,6if9,WT,A,293,,,,10.04,2.306577114,Unknown,1.0,90.0,,16.410168227397033,178,9.21919563336912,8.706986763048892,9.96415923206886,8.42989086301344,1.4559434302269834,2.5483188404692365,2.292623189351061,0.008333333333333333
609,6if9_chain_A_frag_90_frame_12,6045,21251,4582,0.19,0.667,0.144,12,14,6if9,WT,A,293,,,,11.47,2.439734931,Unknown,91.0,177.0,,16.410168227397033,178,9.21919563336912,8.706986763048892,9.96415923206886,8.42989086301344,1.4559434302269834,2.5483188404692365,2.292623189351061,0.008333333333333333
610,6if9_chain_A_frag_90_frame_13,5803,20564,4509,0.188,0.666,0.146,10,12,6if9,WT,A,293,,,,20.08,2.999724295,Unknown,1.0,177.0,,16.46396694214876,178,9.249419630420652,8.666130304190608,9.931297253175396,8.413830678421084,1.3976575228465151,2.465937068157234,2.2560973288485235,0.008333333333333333
611,6if9_chain_A_frag_90_frame_13,5803,20564,4509,0.188,0.666,0.146,11,13,6if9,WT,A,293,,,,10.04,2.306577114,Unknown,1.0,90.0,,16.46396694214876,178,9.249419630420652,8.666130304190608,9.931297253175396,8.413830678421084,1.3976575228465151,2.465937068157234,2.2560973288485235,0.008333333333333333
612,6if9_chain_A_frag_90_frame_13,5803,20564,4509,0.188,0.666,0.146,12,14,6if9,WT,A,293,,,,11.47,2.439734931,Unknown,91.0,177.0,,16.46396694214876,178,9.249419630420652,8.666130304190608,9.931297253175396,8.413830678421084,1.3976575228465151,2.465937068157234,2.2560973288485235,0.008333333333333333
613,6if9_chain_A_frag_90_frame_14,6187,20935,5009,0.193,0.652,0.156,10,12,6if9,WT,A,293,,,,20.08,2.999724295,Unknown,1.0,177.0,,16.6441815725922,178,9.350663804827079,8.73020559553099,9.949177678453244,8.518991573357617,1.490144251913043,2.5104256235105864,2.5062744555782333,0.008333333333333333
614,6if9_chain_A_frag_90_frame_14,6187,20935,5009,0.193,0.652,0.156,11,13,6if9,WT,A,293,,,,10.04,2.306577114,Unknown,1.0,90.0,,16.6441815725922,178,9.350663804827079,8.73020559553099,9.949177678453244,8.518991573357617,1.490144251913043,2.5104256235105864,2.5062744555782333,0.008333333333333333
615,6if9_chain_A_frag_90_frame_14,6187,20935,5009,0.193,0.652,0.156,12,14,6if9,WT,A,293,,,,11.47,2.439734931,Unknown,91.0,177.0,,16.6441815725922,178,9.350663804827079,8.73020559553099,9.949177678453244,8.518991573357617,1.490144251913043,2.5104256235105864,2.5062744555782333,0.008333333333333333
616,6if9_chain_A_frag_90_frame_15,5813,20339,4724,0.188,0.659,0.153,10,12,6if9,WT,A,293,,,,20.08,2.999724295,Unknown,1.0,177.0,,16.496951345970384,178,9.267950194365385,8.66785206770135,9.920295504185495,8.460411177317253,1.4000660314159559,2.4389561383607266,2.3636734933422985,0.008333333333333333
617,6if9_chain_A_frag_90_frame_15,5813,20339,4724,0.188,0.659,0.153,11,13,6if9,WT,A,293,,,,10.04,2.306577114,Unknown,1.0,90.0,,16.496951345970384,178,9.267950194365385,8.66785206770135,9.920295504185495,8.460411177317253,1.4000660314159559,2.4389561383607266,2.3636734933422985,0.008333333333333333
618,6if9_chain_A_frag_90_frame_15,5813,20339,4724,0.188,0.659,0.153,12,14,6if9,WT,A,293,,,,11.47,2.439734931,Unknown,91.0,177.0,,16.496951345970384,178,9.267950194365385,8.66785206770135,9.920295504185495,8.460411177317253,1.4000660314159559,2.4389561383607266,2.3636734933422985,0.008333333333333333
619,6if9_chain_A_frag_90_frame_16,5584,19130,4447,0.191,0.656,0.152,10,12,6if9,WT,A,293,,,,20.08,2.999724295,Unknown,1.0,177.0,,16.533034156070805,178,9.288221435994833,8.627660644442209,9.859013062434299,8.399984990510696,1.344911185175761,2.293978608920827,2.2250753651340394,0.008333333333333333
620,6if9_chain_A_frag_90_frame_16,5584,19130,4447,0.191,0.656,0.152,11,13,6if9,WT,A,293,,,,10.04,2.306577114,Unknown,1.0,90.0,,16.533034156070805,178,9.288221435994833,8.627660644442209,9.859013062434299,8.399984990510696,1.344911185175761,2.293978608920827,2.2250753651340394,0.008333333333333333
621,6if9_chain_A_frag_90_frame_16,5584,19130,4447,0.191,0.656,0.152,12,14,6if9,WT,A,293,,,,11.47,2.439734931,Unknown,91.0,177.0,,16.533034156070805,178,9.288221435994833,8.627660644442209,9.859013062434299,8.399984990510696,1.344911185175761,2.293978608920827,2.2250753651340394,0.008333333333333333
622,6if9_chain_A_frag_90_frame_17,6551,21755,4847,0.198,0.656,0.146,10,12,6if9,WT,A,293,,,,20.08,2.999724295,Unknown,1.0,177.0,,16.820572184554326,178,9.449759654244003,8.787372988731876,9.98759889515478,8.486115235845377,1.5778139638406894,2.6087561232134133,2.425217066517807,0.008333333333333333
623,6if9_chain_A_frag_90_frame_17,6551,21755,4847,0.198,0.656,0.146,11,13,6if9,WT,A,293,,,,10.04,2.306577114,Unknown,1.0,90.0,,16.820572184554326,178,9.449759654244003,8.787372988731876,9.98759889515478,8.486115235845377,1.5778139638406894,2.6087561232134133,2.425217066517807,0.008333333333333333
624,6if9_chain_A_frag_90_frame_17,6551,21755,4847,0.198,0.656,0.146,12,14,6if9,WT,A,293,,,,11.47,2.439734931,Unknown,91.0,177.0,,16.820572184554326,178,9.449759654244003,8.787372988731876,9.98759889515478,8.486115235845377,1.5778139638406894,2.6087561232134133,2.425217066517807,0.008333333333333333
625,6if9_chain_A_frag_90_frame_18,5842,21008,5028,0.183,0.659,0.158,10,12,6if9,WT,A,293,,,,20.08,2.999724295,Unknown,1.0,177.0,,16.596550308008215,178,9.323904667420345,8.672828482947686,9.952658596542577,8.522777569710138,1.4070507062673343,2.5191794362890088,2.515781186393962,0.008333333333333333
626,6if9_chain_A_frag_90_frame_18,5842,21008,5028,0.183,0.659,0.158,11,13,6if9,WT,A,293,,,,10.04,2.306577114,Unknown,1.0,90.0,,16.596550308008215,178,9.323904667420345,8.672828482947686,9.952658596542577,8.522777569710138,1.4070507062673343,2.5191794362890088,2.515781186393962,0.008333333333333333
627,6if9_chain_A_frag_90_frame_18,5842,21008,5028,0.183,0.659,0.158,12,14,6if9,WT,A,293,,,,11.47,2.439734931,Unknown,91.0,177.0,,16.596550308008215,178,9.323904667420345,8.672828482947686,9.952658596542577,8.522777569710138,1.4070507062673343,2.5191794362890088,2.515781186393962,0.008333333333333333
628,6if9_chain_A_frag_90_frame_19,6068,21439,4878,0.187,0.662,0.151,10,12,6if9,WT,A,293,,,,20.08,2.999724295,Unknown,1.0,177.0,,16.361622542703962,178,9.191922776799979,8.710784340468424,9.972966972305931,8.492490578775866,1.4614829999366972,2.5708629062547628,2.4407280483750493,0.008333333333333333
629,6if9_chain_A_frag_90_frame_19,6068,21439,4878,0.187,0.662,0.151,11,13,6if9,WT,A,293,,,,10.04,2.306577114,Unknown,1.0,90.0,,16.361622542703962,178,9.191922776799979,8.710784340468424,9.972966972305931,8.492490578775866,1.4614829999366972,2.5708629062547628,2.4407280483750493,0.008333333333333333
630,6if9_chain_A_frag_90_frame_19,6068,21439,4878,0.187,0.662,0.151,12,14,6if9,WT,A,293,,,,11.47,2.439734931,Unknown,91.0,177.0,,16.361622542703962,178,9.191922776799979,8.710784340468424,9.972966972305931,8.492490578775866,1.4614829999366972,2.5708629062547628,2.4407280483750493,0.008333333333333333
631,6if9_chain_A_frag_90_frame_2,6204,22568,5158,0.183,0.665,0.152,10,12,6if9,WT,A,293,,,,20.08,2.999724295,Unknown,1.0,177.0,,16.72729115977291,178,9.397354584142084,8.73294952429643,10.024288252681833,8.54830418644129,1.4942387164810924,2.7062472162114597,2.580827239343687,0.008333333333333333
632,6if9_chain_A_frag_90_frame_2,6204,22568,5158,0.183,0.665,0.152,11,13,6if9,WT,A,293,,,,10.04,2.306577114,Unknown,1.0,90.0,,16.72729115977291,178,9.397354584142084,8.73294952429643,10.024288252681833,8.54830418644129,1.4942387164810924,2.7062472162114597,2.580827239343687,0.008333333333333333
633,6if9_chain_A_frag_90_frame_2,6204,22568,5158,0.183,0.665,0.152,12,14,6if9,WT,A,293,,,,11.47,2.439734931,Unknown,91.0,177.0,,16.72729115977291,178,9.397354584142084,8.73294952429643,10.024288252681833,8.54830418644129,1.4942387164810924,2.7062472162114597,2.580827239343687,0.008333333333333333
634,6if9_chain_A_frag_90_frame_20,6201,21433,4751,0.191,0.662,0.147,10,12,6if9,WT,A,293,,,,20.08,2.999724295,Unknown,1.0,177.0,,16.843522176516107,178,9.462652908155116,8.732465848349879,9.972687069337132,8.46611040118692,1.4935161639102603,2.5701434147935225,2.377183058185703,0.008333333333333333
635,6if9_chain_A_frag_90_frame_20,6201,21433,4751,0.191,0.662,0.147,11,13,6if9,WT,A,293,,,,10.04,2.306577114,Unknown,1.0,90.0,,16.843522176516107,178,9.462652908155116,8.732465848349879,9.972687069337132,8.46611040118692,1.4935161639102603,2.5701434147935225,2.377183058185703,0.008333333333333333
636,6if9_chain_A_frag_90_frame_20,6201,21433,4751,0.191,0.662,0.147,12,14,6if9,WT,A,293,,,,11.47,2.439734931,Unknown,91.0,177.0,,16.843522176516107,178,9.462652908155116,8.732465848349879,9.972687069337132,8.46611040118692,1.4935161639102603,2.5701434147935225,2.377183058185703,0.008333333333333333
637,6if9_chain_A_frag_90_frame_3,5858,20304,4714,0.19,0.658,0.153,10,12,6if9,WT,A,293,,,,20.08,2.999724295,Unknown,1.0,177.0,,16.63854373757455,178,9.347496481783455,8.675563527387679,9.918573189954168,8.458292083496076,1.4109043199784397,2.4347591048368256,2.3586699508077045,0.008333333333333333
638,6if9_chain_A_frag_90_frame_3,5858,20304,4714,0.19,0.658,0.153,11,13,6if9,WT,A,293,,,,10.04,2.306577114,Unknown,1.0,90.0,,16.63854373757455,178,9.347496481783455,8.675563527387679,9.918573189954168,8.458292083496076,1.4109043199784397,2.4347591048368256,2.3586699508077045,0.008333333333333333
639,6if9_chain_A_frag_90_frame_3,5858,20304,4714,0.19,0.658,0.153,12,14,6if9,WT,A,293,,,,11.47,2.439734931,Unknown,91.0,177.0,,16.63854373757455,178,9.347496481783455,8.675563527387679,9.918573189954168,8.458292083496076,1.4109043199784397,2.4347591048368256,2.3586699508077045,0.008333333333333333
640,6if9_chain_A_frag_90_frame_4,6111,21755,4774,0.187,0.667,0.146,10,12,6if9,WT,A,293,,,,20.08,2.999724295,Unknown,1.0,177.0,,16.713966387946023,178,9.389868757273048,8.717845704894916,9.98759889515478,8.470939806898775,1.4718395867852927,2.6087561232134133,2.3886912060152694,0.008333333333333333
641,6if9_chain_A_frag_90_frame_4,6111,21755,4774,0.187,0.667,0.146,11,13,6if9,WT,A,293,,,,10.04,2.306577114,Unknown,1.0,90.0,,16.713966387946023,178,9.389868757273048,8.717845704894916,9.98759889515478,8.470939806898775,1.4718395867852927,2.6087561232134133,2.3886912060152694,0.008333333333333333
642,6if9_chain_A_frag_90_frame_4,6111,21755,4774,0.187,0.667,0.146,12,14,6if9,WT,A,293,,,,11.47,2.439734931,Unknown,91.0,177.0,,16.713966387946023,178,9.389868757273048,8.717845704894916,9.98759889515478,8.470939806898775,1.4718395867852927,2.6087561232134133,2.3886912060152694,0.008333333333333333
643,6if9_chain_A_frag_90_frame_5,6108,21718,4814,0.187,0.665,0.147,10,12,6if9,WT,A,293,,,,20.08,2.999724295,Unknown,1.0,177.0,,16.420772248606237,178,9.22515294865519,8.717354666338522,9.985896688776846,8.479283618343016,1.4711170342144606,2.604319259202432,2.4087053761536463,0.008333333333333333
644,6if9_chain_A_frag_90_frame_5,6108,21718,4814,0.187,0.665,0.147,11,13,6if9,WT,A,293,,,,10.04,2.306577114,Unknown,1.0,90.0,,16.420772248606237,178,9.22515294865519,8.717354666338522,9.985896688776846,8.479283618343016,1.4711170342144606,2.604319259202432,2.4087053761536463,0.008333333333333333
645,6if9_chain_A_frag_90_frame_5,6108,21718,4814,0.187,0.665,0.147,12,14,6if9,WT,A,293,,,,11.47,2.439734931,Unknown,91.0,177.0,,16.420772248606237,178,9.22515294865519,8.717354666338522,9.985896688776846,8.479283618343016,1.4711170342144606,2.604319259202432,2.4087053761536463,0.008333333333333333
646,6if9_chain_A_frag_90_frame_6,6033,21456,4642,0.188,0.668,0.144,10,12,6if9,WT,A,293,,,,20.08,2.999724295,Unknown,1.0,177.0,,16.48550244387375,178,9.261518226895364,8.704999678440762,9.97375960552146,8.442900586834382,1.4530532199436543,2.5729014653949434,2.3226444445586263,0.008333333333333333
647,6if9_chain_A_frag_90_frame_6,6033,21456,4642,0.188,0.668,0.144,11,13,6if9,WT,A,293,,,,10.04,2.306577114,Unknown,1.0,90.0,,16.48550244387375,178,9.261518226895364,8.704999678440762,9.97375960552146,8.442900586834382,1.4530532199436543,2.5729014653949434,2.3226444445586263,0.008333333333333333
648,6if9_chain_A_frag_90_frame_6,6033,21456,4642,0.188,0.668,0.144,12,14,6if9,WT,A,293,,,,11.47,2.439734931,Unknown,91.0,177.0,,16.48550244387375,178,9.261518226895364,8.704999678440762,9.97375960552146,8.442900586834382,1.4530532199436543,2.5729014653949434,2.3226444445586263,0.008333333333333333
649,6if9_chain_A_frag_90_frame_7,6382,22101,4928,0.191,0.661,0.147,10,12,6if9,WT,A,293,,,,20.08,2.999724295,Unknown,1.0,177.0,,16.814984834822525,178,9.44662069372052,8.76123680683819,10.003378135350923,8.502688505213357,1.5371101690171394,2.6502467974782644,2.4657457610480202,0.008333333333333333
650,6if9_chain_A_frag_90_frame_7,6382,22101,4928,0.191,0.661,0.147,11,13,6if9,WT,A,293,,,,10.04,2.306577114,Unknown,1.0,90.0,,16.814984834822525,178,9.44662069372052,8.76123680683819,10.003378135350923,8.502688505213357,1.5371101690171394,2.6502467974782644,2.4657457610480202,0.008333333333333333
651,6if9_chain_A_frag_90_frame_7,6382,22101,4928,0.191,0.661,0.147,12,14,6if9,WT,A,293,,,,11.47,2.439734931,Unknown,91.0,177.0,,16.814984834822525,178,9.44662069372052,8.76123680683819,10.003378135350923,8.502688505213357,1.5371101690171394,2.6502467974782644,2.4657457610480202,0.008333333333333333
652,6if9_chain_A_frag_90_frame_8,6118,21345,4922,0.189,0.659,0.152,10,12,6if9,WT,A,293,,,,20.08,2.999724295,Unknown,1.0,177.0,,16.509596293845135,178,9.275054097665807,8.718990524710849,9.968572799192062,8.501470230951002,1.4735255427839014,2.5595908733619996,2.462743635527264,0.008333333333333333
653,6if9_chain_A_frag_90_frame_8,6118,21345,4922,0.189,0.659,0.152,11,13,6if9,WT,A,293,,,,10.04,2.306577114,Unknown,1.0,90.0,,16.509596293845135,178,9.275054097665807,8.718990524710849,9.968572799192062,8.501470230951002,1.4735255427839014,2.5595908733619996,2.462743635527264,0.008333333333333333
654,6if9_chain_A_frag_90_frame_8,6118,21345,4922,0.189,0.659,0.152,12,14,6if9,WT,A,293,,,,11.47,2.439734931,Unknown,91.0,177.0,,16.509596293845135,178,9.275054097665807,8.718990524710849,9.968572799192062,8.501470230951002,1.4735255427839014,2.5595908733619996,2.462743635527264,0.008333333333333333
655,6if9_chain_A_frag_90_frame_9,5601,20340,4440,0.184,0.669,0.146,10,12,6if9,WT,A,293,,,,20.08,2.999724295,Unknown,1.0,177.0,,16.946594459487606,178,9.520558685105398,8.630700432209832,9.920344669602551,8.39840965542627,1.3490056497438103,2.439076053604267,2.2215728853598233,0.008333333333333333
656,6if9_chain_A_frag_90_frame_9,5601,20340,4440,0.184,0.669,0.146,11,13,6if9,WT,A,293,,,,10.04,2.306577114,Unknown,1.0,90.0,,16.946594459487606,178,9.520558685105398,8.630700432209832,9.920344669602551,8.39840965542627,1.3490056497438103,2.439076053604267,2.2215728853598233,0.008333333333333333
657,6if9_chain_A_frag_90_frame_9,5601,20340,4440,0.184,0.669,0.146,12,14,6if9,WT,A,293,,,,11.47,2.439734931,Unknown,91.0,177.0,,16.946594459487606,178,9.520558685105398,8.630700432209832,9.920344669602551,8.39840965542627,1.3490056497438103,2.439076053604267,2.2215728853598233,0.008333333333333333
658,7a1h_chain_A_frag_0_frame_1,761,631,438,0.416,0.345,0.239,60,71,7a1h,WT,A,295,,,,7.28,1.985790397,Unknown,,,,9.944247062038809,64,15.537886034435639,6.634633357861686,6.447305862541213,6.082218910376446,1.1437273415851563,1.173456591918089,1.273047344296676,1.0
659,7z5g_chain_A_frag_0_frame_1,21064,52564,8993,0.255,0.636,0.109,61,72,7z5g,WT,A,298,,,,9.02,2.199444334,Unknown,,,,28.66875214850464,332,8.635166309790554,9.955320701176145,10.86978675376353,9.104201775914515,1.6622780733834914,1.1858734400463473,1.540093505415811,1.0
